book	end_reference	end_stream_index	first_finite_verb	first_predication_id	group_index	last_finite_verb	last_predication_id	movement_class_counts	movement_status_counts	record_count	start_reference	start_stream_index	structural_regime_id	total_structural_weight	merged_regimes	merged_regime_id
1corintios	1:15	21	εὐχαριστῶ	1corintios-1-4-P01	1	ἐβαπτίσθητε	1corintios-1-15-P02	"{""stable"": 1}"	"{""strong"": 1}"	19	1:4	1	SR0001	102	['SR0002', 'SR0004', 'SR0005', 'SR0006', 'SR0007', 'SR0008', 'SR0009', 'SR0010', 'SR0011', 'SR0012', 'SR0013', 'SR0014', 'SR0015', 'SR0016', 'SR0017', 'SR0018']	SMR0001
1corintios	1:16	24	ἐβάπτισα	1corintios-1-16-P01	19	ἐβάπτισα	1corintios-1-16-P03	"{""stable"": 1, ""structural"": 1, ""turbulence"": 1}"	"{""candidate"": 1, ""none"": 1, ""strong"": 1}"	3	1:16	22	SR0019	10		SMR0002
1corintios	1:19	31	ἀπέστειλέν	1corintios-1-17-P01	20	ἀθετήσω	1corintios-1-19-P03	"{""stable"": 2, ""structural"": 1, ""turbulence"": 2}"	"{""candidate"": 2, ""none"": 2, ""strong"": 1}"	7	1:17	25	SR0020	14	['SR0021']	SMR0003
1corintios	1:26	39	ἐμώρανεν	1corintios-1-20-P01	22	βλέπετε	1corintios-1-26-P01	"{""structural"": 1, ""turbulence"": 2}"	"{""candidate"": 3}"	8	1:20	32	SR0022	36	['SR0023', 'SR0024', 'SR0025', 'SR0026']	SMR0004
1corintios	1:30	47	ἐξελέξατο	1corintios-1-27-P01	27	ἐστε	1corintios-1-30-P01	"{""stable"": 1, ""structural"": 1, ""turbulence"": 5}"	"{""candidate"": 5, ""none"": 1, ""strong"": 1}"	8	1:27	40	SR0027	24	['SR0028']	SMR0005
1corintios	1:31	50	ἐγενήθη	1corintios-1-30-P02	29	καυχάσθω	1corintios-1-31-P02	"{""structural"": 1, ""turbulence"": 2}"	"{""candidate"": 2, ""strong"": 1}"	3	1:30	48	SR0029	10		SMR0006
1corintios	2:8	60	ἦλθον	1corintios-2-1-P01	30	ἐσταύρωσαν	1corintios-2-8-P03	"{""stable"": 2, ""structural"": 1}"	"{""candidate"": 1, ""none"": 2}"	10	2:1	51	SR0030	32	['SR0031', 'SR0032', 'SR0033', 'SR0034']	SMR0007
1corintios	2:11	69	γέγραπται	1corintios-2-9-P01	35	ἔγνωκεν	1corintios-2-11-P02	"{""stable"": 6, ""structural"": 1, ""turbulence"": 2}"	"{""candidate"": 2, ""none"": 6, ""strong"": 1}"	9	2:9	61	SR0035	10		SMR0008
1corintios	2:13	72	ἐλάβομεν	1corintios-2-12-P01	36	λαλοῦμεν	1corintios-2-13-P01	"{""structural"": 1, ""turbulence"": 2}"	"{""candidate"": 2, ""strong"": 1}"	3	2:12	70	SR0036	12		SMR0009
1corintios	3:2	83	δέχεται	1corintios-2-14-P01	37	ἐπότισα	1corintios-3-2-P01	"{""stable"": 5, ""structural"": 1, ""turbulence"": 2}"	"{""candidate"": 2, ""none"": 5, ""strong"": 1}"	11	2:14	73	SR0037	20	['SR0038', 'SR0039']	SMR0010
1corintios	3:6	96	ἐδύνασθε	1corintios-3-2-P02	40	ἐφύτευσα	1corintios-3-6-P01	"{""stable"": 4, ""structural"": 1}"	"{""none"": 4, ""strong"": 1}"	13	3:2	84	SR0040	52	['SR0041', 'SR0042', 'SR0043', 'SR0044', 'SR0045', 'SR0046', 'SR0047']	SMR0011
1corintios	3:10	104	ἐπότισεν	1corintios-3-6-P02	48	ἔθηκα	1corintios-3-10-P01	"{""stable"": 1, ""structural"": 1, ""turbulence"": 1}"	"{""candidate"": 2, ""none"": 1}"	8	3:6	97	SR0048	34	['SR0049', 'SR0050', 'SR0051', 'SR0052', 'SR0053']	SMR0012
1corintios	3:16	123	ἐποικοδομεῖ	1corintios-3-10-P02	54	ἐστε	1corintios-3-16-P02	"{""stable"": 8, ""structural"": 1, ""turbulence"": 8}"	"{""candidate"": 8, ""none"": 8, ""strong"": 1}"	19	3:10	105	SR0054	30	['SR0055']	SMR0013
1corintios	3:17	128	οἰκεῖ	1corintios-3-16-P03	56	ἐστε	1corintios-3-17-P04	"{""stable"": 1, ""structural"": 1, ""turbulence"": 2}"	"{""candidate"": 2, ""none"": 1, ""strong"": 1}"	5	3:16	124	SR0056	18	['SR0057']	SMR0014
1corintios	3:21	138	ἐξαπατάτω	1corintios-3-18-P01	58	ἐστιν	1corintios-3-21-P02	"{""stable"": 2, ""structural"": 1, ""turbulence"": 4}"	"{""candidate"": 4, ""none"": 2, ""strong"": 1}"	10	3:18	129	SR0058	26	['SR0059', 'SR0060']	SMR0015
1corintios	4:3	142	λογιζέσθω	1corintios-4-1-P01	61	ἐστιν	1corintios-4-3-P01	"{""stable"": 2, ""turbulence"": 2}"	"{""candidate"": 2, ""none"": 2}"	4	4:1	139	SR0061	4		SMR0016
1corintios	4:5	148	ἀνακριθῶ	1corintios-4-3-P02	62	κρίνετε	1corintios-4-5-P01	"{""stable"": 2, ""structural"": 1, ""turbulence"": 1}"	"{""candidate"": 1, ""none"": 2, ""strong"": 1}"	6	4:3	143	SR0062	20	['SR0063', 'SR0064']	SMR0017
1corintios	4:7	157	ἔλθῃ	1corintios-4-5-P02	65	διακρίνει	1corintios-4-7-P01	"{""stable"": 3, ""structural"": 1}"	"{""none"": 3, ""strong"": 1}"	9	4:5	149	SR0065	44	['SR0066', 'SR0067', 'SR0068', 'SR0069', 'SR0070']	SMR0018
1corintios	4:7	161	ἔχεις	1corintios-4-7-P02	71	καυχᾶσαι	1corintios-4-7-P05	"{""stable"": 1, ""structural"": 1, ""turbulence"": 2}"	"{""candidate"": 3, ""none"": 1}"	4	4:7	158	SR0071	8		SMR0019
1corintios	4:9	168	ἐστέ	1corintios-4-8-P01	72	ἀπέδειξεν	1corintios-4-9-P02	"{""stable"": 3, ""structural"": 1}"	"{""candidate"": 1, ""none"": 3}"	7	4:8	162	SR0072	20	['SR0073', 'SR0074', 'SR0075']	SMR0020
1corintios	5:6	202	ἐγενήθημεν	1corintios-4-9-P03	76	ζυμοῖ	1corintios-5-6-P02	"{""stable"": 8, ""structural"": 1, ""turbulence"": 2}"	"{""candidate"": 2, ""none"": 8, ""strong"": 1}"	34	4:9	169	SR0076	140	['SR0077', 'SR0078', 'SR0079', 'SR0080', 'SR0081', 'SR0082', 'SR0083', 'SR0084', 'SR0085', 'SR0086', 'SR0087', 'SR0088', 'SR0089', 'SR0090', 'SR0091', 'SR0092', 'SR0093', 'SR0094', 'SR0095', 'SR0096']	SMR0021
1corintios	6:5	224	ἐκκαθάρατε	1corintios-5-7-P01	97	λέγω	1corintios-6-5-P01	"{""stable"": 1, ""structural"": 1, ""turbulence"": 1}"	"{""candidate"": 1, ""none"": 1, ""strong"": 1}"	22	5:7	203	SR0097	122	['SR0098', 'SR0099', 'SR0100', 'SR0101', 'SR0102', 'SR0103', 'SR0104', 'SR0105', 'SR0106', 'SR0107', 'SR0108', 'SR0109', 'SR0110', 'SR0111', 'SR0112', 'SR0113', 'SR0114']	SMR0022
1corintios	6:7	228	ἔνι	1corintios-6-5-P02	115	ἐστιν	1corintios-6-7-P01	"{""stable"": 3, ""structural"": 1}"	"{""candidate"": 1, ""none"": 3}"	4	6:5	225	SR0115	4		SMR0023
1corintios	6:10	237	ἔχετε	1corintios-6-7-P02	116	κληρονομήσουσιν	1corintios-6-10-P01	"{""stable"": 4, ""structural"": 1, ""turbulence"": 1}"	"{""candidate"": 1, ""none"": 4, ""strong"": 1}"	9	6:7	229	SR0116	26	['SR0117', 'SR0118', 'SR0119']	SMR0024
1corintios	6:11	241	ἦτε	1corintios-6-11-P01	120	ἐδικαιώθητε	1corintios-6-11-P04	"{""stable"": 3, ""structural"": 1}"	"{""candidate"": 1, ""none"": 3}"	4	6:11	238	SR0120	4		SMR0025
1corintios	6:12	245	ἔξεστιν	1corintios-6-12-P01	121	ἐξουσιασθήσομαι	1corintios-6-12-P04	"{""stable"": 2, ""structural"": 1}"	"{""none"": 2, ""strong"": 1}"	4	6:12	242	SR0121	10	['SR0122']	SMR0026
1corintios	6:18	258	καταργήσει	1corintios-6-13-P01	123	φεύγετε	1corintios-6-18-P01	"{""stable"": 2, ""structural"": 1}"	"{""candidate"": 1, ""none"": 2}"	13	6:13	246	SR0123	58	['SR0124', 'SR0125', 'SR0126', 'SR0127', 'SR0128', 'SR0129', 'SR0130', 'SR0131', 'SR0132']	SMR0027
1corintios	6:19	263	ποιήσῃ	1corintios-6-18-P02	133	ἐστιν	1corintios-6-19-P02	"{""stable"": 1, ""structural"": 1, ""turbulence"": 1}"	"{""candidate"": 1, ""none"": 1, ""strong"": 1}"	5	6:18	259	SR0133	24	['SR0134', 'SR0135']	SMR0028
1corintios	7:1	268	ἔχετε	1corintios-6-19-P03	136	ἐγράψατε	1corintios-7-1-P01	"{""stable"": 3, ""structural"": 1}"	"{""none"": 3, ""strong"": 1}"	5	6:19	264	SR0136	8	['SR0137']	SMR0029
1corintios	7:4	273	ἐχέτω	1corintios-7-2-P01	138	ἐξουσιάζει	1corintios-7-4-P02	"{""stable"": 4, ""structural"": 1}"	"{""none"": 4, ""strong"": 1}"	5	7:2	269	SR0138	6		SMR0030
1corintios	7:8	281	ἀποστερεῖτε	1corintios-7-5-P01	139	λέγω	1corintios-7-8-P01	"{""structural"": 1, ""turbulence"": 2}"	"{""candidate"": 2, ""strong"": 1}"	8	7:5	274	SR0139	36	['SR0140', 'SR0141', 'SR0142', 'SR0143']	SMR0031
1corintios	7:10	286	μείνωσιν	1corintios-7-8-P02	144	παραγγέλλω	1corintios-7-10-P01	"{""stable"": 1, ""structural"": 1, ""turbulence"": 1}"	"{""candidate"": 1, ""none"": 1, ""strong"": 1}"	5	7:8	282	SR0144	18	['SR0145', 'SR0146']	SMR0032
1corintios	7:12	290	χωρισθῇ	1corintios-7-11-P01	147	λέγω	1corintios-7-12-P01	"{""stable"": 1, ""structural"": 1, ""turbulence"": 1}"	"{""candidate"": 1, ""none"": 1, ""strong"": 1}"	4	7:11	287	SR0147	12	['SR0148']	SMR0033
1corintios	7:15	304	ἔχει	1corintios-7-12-P02	149	κέκληκεν	1corintios-7-15-P04	"{""stable"": 6, ""structural"": 1, ""turbulence"": 7}"	"{""candidate"": 7, ""none"": 6, ""strong"": 1}"	14	7:12	291	SR0149	20		SMR0034
1corintios	7:16	308	οἶδας	1corintios-7-16-P01	150	σώσεις	1corintios-7-16-P04	"{""structural"": 1, ""turbulence"": 3}"	"{""candidate"": 4}"	4	7:16	305	SR0150	10		SMR0035
1corintios	7:17	312	ἐμέρισεν	1corintios-7-17-P01	151	διατάσσομαι	1corintios-7-17-P04	"{""stable"": 1, ""structural"": 1, ""turbulence"": 1}"	"{""candidate"": 2, ""none"": 1}"	4	7:17	309	SR0151	10	['SR0152']	SMR0036
1corintios	7:24	330	ἐκλήθη;	1corintios-7-18-P01	153	μενέτω	1corintios-7-24-P02	"{""stable"": 7, ""structural"": 1}"	"{""candidate"": 1, ""none"": 7}"	18	7:18	313	SR0153	36	['SR0154', 'SR0155', 'SR0156', 'SR0157', 'SR0158', 'SR0159']	SMR0037
1corintios	7:26	333	ἔχω	1corintios-7-25-P01	160	νομίζω	1corintios-7-26-P01	"{""stable"": 2, ""structural"": 1}"	"{""candidate"": 1, ""none"": 2}"	3	7:25	331	SR0160	4		SMR0038
1corintios	7:32	348	δέδεσαι	1corintios-7-27-P01	161	θέλω	1corintios-7-32-P01	"{""stable"": 3, ""structural"": 1, ""turbulence"": 2}"	"{""candidate"": 3, ""none"": 3}"	15	7:27	334	SR0161	46	['SR0162', 'SR0163', 'SR0164', 'SR0165', 'SR0166', 'SR0167', 'SR0168']	SMR0039
1corintios	7:35	359	μεριμνᾷ	1corintios-7-32-P02	169	ἐπιβάλω	1corintios-7-35-P02	"{""stable"": 6, ""structural"": 1, ""turbulence"": 2}"	"{""candidate"": 3, ""none"": 6}"	11	7:32	349	SR0169	14	['SR0170']	SMR0040
1corintios	7:36	366	νομίζει	1corintios-7-36-P01	171	γαμείτωσαν	1corintios-7-36-P07	"{""stable"": 4, ""structural"": 1, ""turbulence"": 1}"	"{""candidate"": 2, ""none"": 4}"	7	7:36	360	SR0171	10	['SR0172']	SMR0041
1corintios	8:1	382	ἕστηκεν	1corintios-7-37-P01	173	ἔχομεν	1corintios-8-1-P02	"{""stable"": 7, ""structural"": 1, ""turbulence"": 5}"	"{""candidate"": 6, ""none"": 7}"	16	7:37	367	SR0173	26	['SR0174', 'SR0175']	SMR0042
1corintios	8:4	390	φυσιοῖ	1corintios-8-1-P03	176	οἴδαμεν	1corintios-8-4-P01	"{""stable"": 2, ""structural"": 1, ""turbulence"": 4}"	"{""candidate"": 4, ""none"": 2, ""strong"": 1}"	8	8:1	383	SR0176	22	['SR0177']	SMR0043
1corintios	8:8	395	εἰσὶν	1corintios-8-5-P01	178	παραστήσει	1corintios-8-8-P01	"{""stable"": 1, ""structural"": 1, ""turbulence"": 1}"	"{""candidate"": 2, ""none"": 1}"	5	8:5	391	SR0178	12	['SR0179']	SMR0044
1corintios	8:9	400	φάγωμεν	1corintios-8-8-P02	180	βλέπετε	1corintios-8-9-P01	"{""structural"": 1, ""turbulence"": 3}"	"{""candidate"": 3, ""strong"": 1}"	5	8:8	396	SR0180	18	['SR0181']	SMR0045
1corintios	8:13	409	γένηται	1corintios-8-9-P02	182	σκανδαλίσω	1corintios-8-13-P03	"{""stable"": 2, ""structural"": 1, ""turbulence"": 2}"	"{""candidate"": 2, ""none"": 2, ""strong"": 1}"	9	8:9	401	SR0182	32	['SR0183', 'SR0184', 'SR0185']	SMR0046
1corintios	9:3	417	εἰμὶ	1corintios-9-1-P01	186	ἐστιν	1corintios-9-3-P01	"{""stable"": 2, ""turbulence"": 1}"	"{""candidate"": 1, ""none"": 2}"	8	9:1	410	SR0186	30	['SR0187', 'SR0188', 'SR0189', 'SR0190']	SMR0047
1corintios	9:6	420	ἔχομεν	1corintios-9-4-P01	191	ἔχομεν	1corintios-9-6-P01	"{""stable"": 2, ""structural"": 1}"	"{""none"": 2, ""strong"": 1}"	3	9:4	418	SR0191	6		SMR0048
1corintios	9:9	429	στρατεύεται	1corintios-9-7-P01	192	κημώσεις	1corintios-9-9-P02	"{""stable"": 4, ""structural"": 1}"	"{""none"": 4, ""strong"": 1}"	9	9:7	421	SR0192	18	['SR0193', 'SR0194', 'SR0195']	SMR0049
1corintios	9:12	436	μέλει	1corintios-9-9-P03	196	μετέχουσιν	1corintios-9-12-P01	"{""stable"": 2, ""structural"": 1, ""turbulence"": 1}"	"{""candidate"": 2, ""none"": 2}"	7	9:9	430	SR0196	16	['SR0197', 'SR0198']	SMR0050
1corintios	9:16	448	ἐχρησάμεθα	1corintios-9-12-P02	199	εὐαγγελίζωμαι	1corintios-9-16-P01	"{""stable"": 1, ""structural"": 1, ""turbulence"": 1}"	"{""candidate"": 1, ""none"": 1, ""strong"": 1}"	12	9:12	437	SR0199	44	['SR0200', 'SR0201', 'SR0202', 'SR0203', 'SR0204', 'SR0205']	SMR0051
1corintios	9:16	451	ἔστιν	1corintios-9-16-P02	206	ἐστιν	1corintios-9-16-P04	"{""stable"": 2, ""structural"": 1}"	"{""none"": 2, ""strong"": 1}"	3	9:16	449	SR0206	6		SMR0052
1corintios	9:18	456	εὐαγγελίσωμαι	1corintios-9-16-P05	207	ἐστιν	1corintios-9-18-P01	"{""stable"": 1, ""structural"": 1, ""turbulence"": 2}"	"{""candidate"": 2, ""none"": 1, ""strong"": 1}"	5	9:16	452	SR0207	16	['SR0208']	SMR0053
1corintios	9:25	476	θήσω	1corintios-9-18-P02	209	λάβωσιν	1corintios-9-25-P02	"{""stable"": 2, ""structural"": 1, ""turbulence"": 10}"	"{""candidate"": 10, ""none"": 2, ""strong"": 1}"	20	9:18	457	SR0209	68	['SR0210', 'SR0211', 'SR0212', 'SR0213', 'SR0214', 'SR0215']	SMR0054
1corintios	10:1	482	τρέχω	1corintios-9-26-P01	216	θέλω	1corintios-10-1-P01	"{""stable"": 2, ""structural"": 1, ""turbulence"": 2}"	"{""candidate"": 2, ""none"": 2, ""strong"": 1}"	6	9:26	477	SR0216	12	['SR0217']	SMR0055
1corintios	10:5	490	ἦσαν	1corintios-10-1-P02	218	ηὐδόκησεν	1corintios-10-5-P01	"{""stable"": 4, ""structural"": 1, ""turbulence"": 1}"	"{""candidate"": 1, ""none"": 4, ""strong"": 1}"	8	10:1	483	SR0218	14	['SR0219']	SMR0056
1corintios	10:10	506	κατεστρώθησαν	1corintios-10-5-P02	220	ἀπώλοντο	1corintios-10-10-P03	"{""stable"": 1, ""structural"": 1, ""turbulence"": 1}"	"{""candidate"": 2, ""none"": 1}"	16	10:5	491	SR0220	58	['SR0221', 'SR0222', 'SR0223', 'SR0224', 'SR0225', 'SR0226', 'SR0227', 'SR0228', 'SR0229']	SMR0057
1corintios	10:22	537	συνέβαινεν	1corintios-10-11-P01	230	ἐσμεν	1corintios-10-22-P02	"{""stable"": 3, ""structural"": 1, ""turbulence"": 3}"	"{""candidate"": 4, ""none"": 3}"	31	10:11	507	SR0230	126	['SR0231', 'SR0232', 'SR0233', 'SR0234', 'SR0235', 'SR0236', 'SR0237', 'SR0238', 'SR0239', 'SR0240', 'SR0241', 'SR0242', 'SR0243', 'SR0244', 'SR0245', 'SR0246', 'SR0247', 'SR0248', 'SR0249']	SMR0058
1corintios	10:29	551	ἔξεστιν	1corintios-10-23-P01	250	κρίνεται	1corintios-10-29-P02	"{""stable"": 4, ""structural"": 1}"	"{""none"": 4, ""strong"": 1}"	14	10:23	538	SR0250	54	['SR0251', 'SR0252', 'SR0253', 'SR0254', 'SR0255', 'SR0256', 'SR0257']	SMR0059
1corintios	10:30	554	μετέχω	1corintios-10-30-P01	258	εὐχαριστῶ	1corintios-10-30-P03	"{""stable"": 1, ""structural"": 1, ""turbulence"": 1}"	"{""candidate"": 1, ""none"": 1, ""strong"": 1}"	3	10:30	552	SR0258	8		SMR0060
1corintios	11:3	567	ἐσθίετε	1corintios-10-31-P01	259	θέλω	1corintios-11-3-P01	"{""stable"": 4, ""structural"": 1}"	"{""none"": 4, ""strong"": 1}"	13	10:31	555	SR0259	60	['SR0260', 'SR0261', 'SR0262', 'SR0263', 'SR0264', 'SR0265', 'SR0266', 'SR0267']	SMR0061
1corintios	11:13	580	ἐστιν	1corintios-11-3-P02	268	κρίνατε	1corintios-11-13-P01	"{""stable"": 6, ""structural"": 1, ""turbulence"": 5}"	"{""candidate"": 5, ""none"": 6, ""strong"": 1}"	13	11:3	568	SR0268	22	['SR0269']	SMR0062
1corintios	11:19	595	ἐστὶν	1corintios-11-13-P02	270	γένωνται	1corintios-11-19-P02	"{""stable"": 2, ""structural"": 1, ""turbulence"": 5}"	"{""candidate"": 5, ""none"": 2, ""strong"": 1}"	15	11:13	581	SR0270	54	['SR0271', 'SR0272', 'SR0273', 'SR0274', 'SR0275', 'SR0276']	SMR0063
1corintios	11:21	599	ἔστιν	1corintios-11-20-P01	277	μεθύει	1corintios-11-21-P03	"{""stable"": 3, ""structural"": 1}"	"{""none"": 3, ""strong"": 1}"	4	11:20	596	SR0277	6		SMR0064
1corintios	11:22	602	ἔχετε	1corintios-11-22-P01	278	καταισχύνετε	1corintios-11-22-P03	"{""stable"": 2, ""structural"": 1}"	"{""none"": 2, ""strong"": 1}"	3	11:22	600	SR0278	6		SMR0065
1corintios	11:23	607	εἴπω	1corintios-11-22-P04	279	παρέδωκα	1corintios-11-23-P02	"{""stable"": 4, ""structural"": 1}"	"{""none"": 4, ""strong"": 1}"	5	11:22	603	SR0279	6		SMR0066
1corintios	11:25	614	παρεδίδετο	1corintios-11-23-P03	280	ἐστὶν	1corintios-11-25-P01	"{""stable"": 3, ""structural"": 1, ""turbulence"": 1}"	"{""candidate"": 1, ""none"": 3, ""strong"": 1}"	7	11:23	608	SR0280	20	['SR0281', 'SR0282']	SMR0067
1corintios	11:26	619	ποιεῖτε	1corintios-11-25-P02	283	καταγγέλλετε	1corintios-11-26-P03	"{""stable"": 2, ""structural"": 1, ""turbulence"": 2}"	"{""candidate"": 2, ""none"": 2, ""strong"": 1}"	5	11:25	615	SR0283	10		SMR0068
1corintios	11:30	629	ἔλθῃ	1corintios-11-26-P04	284	κοιμῶνται	1corintios-11-30-P01	"{""stable"": 6, ""structural"": 1, ""turbulence"": 2}"	"{""candidate"": 2, ""none"": 6, ""strong"": 1}"	10	11:26	620	SR0284	14	['SR0285']	SMR0069
1corintios	12:1	640	διεκρίνομεν	1corintios-11-31-P01	286	θέλω	1corintios-12-1-P01	"{""stable"": 1, ""structural"": 1, ""turbulence"": 2}"	"{""candidate"": 2, ""none"": 1, ""strong"": 1}"	11	11:31	630	SR0286	38	['SR0287', 'SR0288', 'SR0289', 'SR0290', 'SR0291']	SMR0070
1corintios	12:3	646	οἴδατε	1corintios-12-2-P01	292	δύναται	1corintios-12-3-P03	"{""stable"": 1, ""structural"": 1, ""turbulence"": 1}"	"{""candidate"": 1, ""none"": 1, ""strong"": 1}"	6	12:2	641	SR0292	24	['SR0293', 'SR0294']	SMR0071
1corintios	12:6	649	εἰσίν	1corintios-12-4-P01	295	εἰσίν	1corintios-12-6-P01	"{""stable"": 2, ""structural"": 1}"	"{""candidate"": 1, ""none"": 2}"	3	12:4	647	SR0295	4		SMR0072
1corintios	12:16	666	δίδοται	1corintios-12-7-P01	296	εἰμὶ	1corintios-12-16-P03	"{""stable"": 4, ""structural"": 1, ""turbulence"": 2}"	"{""candidate"": 3, ""none"": 4}"	17	12:7	650	SR0296	40	['SR0297', 'SR0298', 'SR0299', 'SR0300', 'SR0301']	SMR0073
1corintios	12:23	676	ἔστιν	1corintios-12-16-P04	302	περιτίθεμεν	1corintios-12-23-P02	"{""stable"": 2, ""structural"": 1, ""turbulence"": 2}"	"{""candidate"": 3, ""none"": 2}"	10	12:16	667	SR0302	22	['SR0303', 'SR0304', 'SR0305']	SMR0074
1corintios	12:25	681	ἔχει	1corintios-12-23-P03	306	μεριμνῶσι	1corintios-12-25-P02	"{""stable"": 2, ""structural"": 1, ""turbulence"": 1}"	"{""candidate"": 1, ""none"": 2, ""strong"": 1}"	5	12:23	677	SR0306	14	['SR0307']	SMR0075
1corintios	12:28	687	πάσχει	1corintios-12-26-P01	308	ἔθετο	1corintios-12-28-P01	"{""stable"": 3, ""structural"": 1}"	"{""candidate"": 1, ""none"": 3}"	6	12:26	682	SR0308	16	['SR0309', 'SR0310']	SMR0076
1corintios	12:31	692	ἔχουσιν	1corintios-12-30-P01	311	δείκνυμι	1corintios-12-31-P02	"{""stable"": 2, ""structural"": 1}"	"{""candidate"": 1, ""none"": 2}"	5	12:30	688	SR0311	14	['SR0312', 'SR0313']	SMR0077
1corintios	13:10	723	λαλῶ	1corintios-13-1-P01	314	καταργηθήσεται	1corintios-13-10-P02	"{""stable"": 17, ""structural"": 1, ""turbulence"": 6}"	"{""candidate"": 7, ""none"": 17}"	31	13:1	693	SR0314	40	['SR0315', 'SR0316', 'SR0317', 'SR0318']	SMR0078
1corintios	13:12	730	ἤμην	1corintios-13-11-P01	319	βλέπομεν	1corintios-13-12-P01	"{""stable"": 2, ""structural"": 1, ""turbulence"": 3}"	"{""candidate"": 3, ""none"": 2, ""strong"": 1}"	7	13:11	724	SR0319	16	['SR0320']	SMR0079
1corintios	13:13	734	γινώσκω	1corintios-13-12-P02	321	μένει	1corintios-13-13-P01	"{""stable"": 1, ""structural"": 1, ""turbulence"": 1}"	"{""candidate"": 2, ""none"": 1}"	4	13:12	731	SR0321	12	['SR0322']	SMR0080
1corintios	14:1	737	διώκετε	1corintios-14-1-P01	323	προφητεύητε	1corintios-14-1-P03	"{""stable"": 1, ""structural"": 1, ""turbulence"": 1}"	"{""candidate"": 1, ""none"": 1, ""strong"": 1}"	3	14:1	735	SR0323	8		SMR0081
1corintios	14:5	747	λαλεῖ	1corintios-14-2-P01	324	λάβῃ	1corintios-14-5-P04	"{""stable"": 5, ""structural"": 1}"	"{""none"": 5, ""strong"": 1}"	10	14:2	738	SR0324	26	['SR0325', 'SR0326', 'SR0327']	SMR0082
1corintios	14:6	750	ἔλθω	1corintios-14-6-P01	328	λαλήσω	1corintios-14-6-P03	"{""structural"": 1, ""turbulence"": 2}"	"{""candidate"": 3}"	3	14:6	748	SR0328	8		SMR0083
1corintios	14:11	761	δῷ	1corintios-14-7-P01	329	ἔσομαι	1corintios-14-11-P02	"{""structural"": 1, ""turbulence"": 3}"	"{""candidate"": 4}"	11	14:7	751	SR0329	56	['SR0330', 'SR0331', 'SR0332', 'SR0333', 'SR0334', 'SR0335']	SMR0084
1corintios	14:14	767	ἐστε	1corintios-14-12-P01	336	προσεύχωμαι	1corintios-14-14-P01	"{""structural"": 1, ""turbulence"": 2}"	"{""candidate"": 2, ""strong"": 1}"	6	14:12	762	SR0336	26	['SR0337', 'SR0338']	SMR0085
1corintios	14:15	770	προσεύχεται	1corintios-14-14-P02	339	ἐστιν	1corintios-14-15-P01	"{""stable"": 2, ""structural"": 1}"	"{""none"": 2, ""strong"": 1}"	3	14:14	768	SR0339	6		SMR0086
1corintios	14:17	780	προσεύξομαι	1corintios-14-15-P02	340	οἰκοδομεῖται	1corintios-14-17-P02	"{""stable"": 3, ""structural"": 1}"	"{""candidate"": 1, ""none"": 3}"	10	14:15	771	SR0340	36	['SR0341', 'SR0342', 'SR0343', 'SR0344', 'SR0345', 'SR0346']	SMR0087
1corintios	14:19	784	εὐχαριστῶ	1corintios-14-18-P01	347	κατηχήσω	1corintios-14-19-P02	"{""stable"": 2, ""structural"": 1, ""turbulence"": 1}"	"{""candidate"": 2, ""none"": 2}"	4	14:18	781	SR0347	6		SMR0088
1corintios	14:23	793	γίνεσθε	1corintios-14-20-P01	348	συνέλθῃ	1corintios-14-23-P01	"{""stable"": 2, ""structural"": 1}"	"{""none"": 2, ""strong"": 1}"	9	14:20	785	SR0348	42	['SR0349', 'SR0350', 'SR0351', 'SR0352', 'SR0353', 'SR0354']	SMR0089
1corintios	14:24	798	λαλῶσιν	1corintios-14-23-P02	355	προφητεύωσιν	1corintios-14-24-P01	"{""stable"": 2, ""structural"": 1}"	"{""none"": 2, ""strong"": 1}"	5	14:23	794	SR0355	16	['SR0356', 'SR0357']	SMR0090
1corintios	14:26	806	εἰσέλθῃ	1corintios-14-24-P02	358	συνέρχησθε	1corintios-14-26-P02	"{""stable"": 4, ""structural"": 1, ""turbulence"": 2}"	"{""candidate"": 2, ""none"": 4, ""strong"": 1}"	8	14:24	799	SR0358	18	['SR0359']	SMR0091
1corintios	14:35	832	ἔχει	1corintios-14-26-P03	360	ἐπερωτάτωσαν	1corintios-14-35-P02	"{""stable"": 8, ""structural"": 1, ""turbulence"": 2}"	"{""candidate"": 2, ""none"": 8, ""strong"": 1}"	26	14:26	807	SR0360	66	['SR0361', 'SR0362', 'SR0363', 'SR0364', 'SR0365', 'SR0366', 'SR0367', 'SR0368', 'SR0369', 'SR0370']	SMR0092
1corintios	14:37	838	ἐστιν	1corintios-14-35-P03	371	γράφω	1corintios-14-37-P03	"{""stable"": 2, ""structural"": 1, ""turbulence"": 2}"	"{""candidate"": 3, ""none"": 2}"	6	14:35	833	SR0371	12	['SR0372']	SMR0093
1corintios	15:1	846	ἐστίν	1corintios-14-37-P04	373	εὐηγγελισάμην	1corintios-15-1-P02	"{""stable"": 1, ""structural"": 1, ""turbulence"": 1}"	"{""candidate"": 1, ""none"": 1, ""strong"": 1}"	8	14:37	839	SR0373	28	['SR0374', 'SR0375', 'SR0376']	SMR0094
1corintios	15:3	854	παρελάβετε	1corintios-15-1-P03	377	παρέλαβον	1corintios-15-3-P02	"{""stable"": 2, ""structural"": 1}"	"{""none"": 2, ""strong"": 1}"	8	15:1	847	SR0377	28	['SR0378', 'SR0379', 'SR0380']	SMR0095
1corintios	15:8	863	ἀπέθανεν	1corintios-15-3-P03	381	ὤφθη	1corintios-15-8-P01	"{""stable"": 3, ""structural"": 1, ""turbulence"": 1}"	"{""candidate"": 1, ""none"": 3, ""strong"": 1}"	9	15:3	855	SR0381	16	['SR0382', 'SR0383']	SMR0096
1corintios	15:12	875	εἰμι	1corintios-15-9-P01	384	λέγουσιν	1corintios-15-12-P03	"{""stable"": 4, ""structural"": 1}"	"{""candidate"": 1, ""none"": 4}"	12	15:9	864	SR0384	34	['SR0385', 'SR0386', 'SR0387', 'SR0388', 'SR0389', 'SR0390']	SMR0097
1corintios	15:22	894	ἔστιν	1corintios-15-12-P04	391	ζῳοποιηθήσονται	1corintios-15-22-P02	"{""stable"": 1, ""structural"": 1, ""turbulence"": 2}"	"{""candidate"": 2, ""none"": 1, ""strong"": 1}"	19	15:12	876	SR0391	72	['SR0392', 'SR0393', 'SR0394', 'SR0395', 'SR0396', 'SR0397', 'SR0398', 'SR0399', 'SR0400']	SMR0098
1corintios	15:28	905	παραδιδῷ	1corintios-15-24-P01	401	ᾖ	1corintios-15-28-P03	"{""stable"": 6, ""structural"": 1, ""turbulence"": 4}"	"{""candidate"": 4, ""none"": 6, ""strong"": 1}"	11	15:24	895	SR0401	14		SMR0099
1corintios	15:30	909	ποιήσουσιν	1corintios-15-29-P01	402	κινδυνεύομεν	1corintios-15-30-P01	"{""stable"": 1, ""structural"": 1, ""turbulence"": 1}"	"{""candidate"": 2, ""none"": 1}"	4	15:29	906	SR0402	10	['SR0403']	SMR0100
1corintios	15:32	913	ἀποθνῄσκω	1corintios-15-31-P01	404	ἐγείρονται	1corintios-15-32-P02	"{""stable"": 1, ""structural"": 1, ""turbulence"": 1}"	"{""candidate"": 2, ""none"": 1}"	4	15:31	910	SR0404	12	['SR0405']	SMR0101
1corintios	15:37	930	φάγωμεν	1corintios-15-32-P03	406	σπείρεις	1corintios-15-37-P02	"{""stable"": 2, ""structural"": 1}"	"{""none"": 2, ""strong"": 1}"	17	15:32	914	SR0406	54	['SR0407', 'SR0408', 'SR0409', 'SR0410', 'SR0411', 'SR0412', 'SR0413', 'SR0414', 'SR0415', 'SR0416']	SMR0102
1corintios	15:52	957	τύχοι	1corintios-15-37-P03	417	ἀλλαγησόμεθα	1corintios-15-52-P03	"{""stable"": 10, ""structural"": 1, ""turbulence"": 5}"	"{""candidate"": 5, ""none"": 10, ""strong"": 1}"	27	15:37	931	SR0417	60	['SR0418', 'SR0419', 'SR0420', 'SR0421', 'SR0422', 'SR0423', 'SR0424', 'SR0425']	SMR0103
1corintios	16:4	975	δεῖ	1corintios-15-53-P01	426	πορεύσονται	1corintios-16-4-P02	"{""stable"": 2, ""structural"": 1, ""turbulence"": 2}"	"{""candidate"": 2, ""none"": 2, ""strong"": 1}"	18	15:53	958	SR0426	90	['SR0427', 'SR0428', 'SR0429', 'SR0430', 'SR0431', 'SR0432', 'SR0433', 'SR0434', 'SR0435', 'SR0436', 'SR0437', 'SR0438']	SMR0104
1corintios	16:6	981	ἐλεύσομαι	1corintios-16-5-P01	439	προπέμψητε	1corintios-16-6-P03	"{""stable"": 2, ""structural"": 1, ""turbulence"": 2}"	"{""candidate"": 2, ""none"": 2, ""strong"": 1}"	6	16:5	976	SR0439	18	['SR0440']	SMR0105
1corintios	16:10	989	πορεύωμαι	1corintios-16-6-P04	441	βλέπετε	1corintios-16-10-P02	"{""stable"": 1, ""structural"": 1, ""turbulence"": 1}"	"{""candidate"": 1, ""none"": 1, ""strong"": 1}"	8	16:6	982	SR0441	34	['SR0442', 'SR0443', 'SR0444', 'SR0445']	SMR0106
1corintios	16:12	996	γένηται	1corintios-16-10-P03	446	παρεκάλεσα	1corintios-16-12-P01	"{""stable"": 1, ""structural"": 1, ""turbulence"": 1}"	"{""candidate"": 1, ""none"": 1, ""strong"": 1}"	7	16:10	990	SR0446	30	['SR0447', 'SR0448', 'SR0449']	SMR0107
1corintios	16:22	1018	ἔλθῃ	1corintios-16-12-P02	450	θά	1corintios-16-22-P03	"{""structural"": 1, ""turbulence"": 5}"	"{""candidate"": 5, ""strong"": 1}"	22	16:12	997	SR0450	98	['SR0451', 'SR0452', 'SR0453', 'SR0454', 'SR0455', 'SR0456', 'SR0457', 'SR0458', 'SR0459', 'SR0460', 'SR0461', 'SR0462', 'SR0463', 'SR0464']	SMR0108
