approved	stem	ref	greek_idx	greek_span	nbla_idx	nbla_span	suggested_type	source	reason	confidence	repeat_count	phrase_key	existing_rule	duplicate_of	yaml_suggestion
	romanos-1-1	romanos 1:1	-	[Spanish token file not found]	-	-	diagnostic-missing-file	missing-file	Could not find data/s-tokens/romanos-1-1.txt	0.00	1	romanos-1-1:missing-s-token	no		
	romanos-1-3	romanos 1:3	-	[Spanish token file not found]	-	-	diagnostic-missing-file	missing-file	Could not find data/s-tokens/romanos-1-3.txt	0.00	1	romanos-1-3:missing-s-token	no		
	romanos-1-4	romanos 1:4	-	[Spanish token file not found]	-	-	diagnostic-missing-file	missing-file	Could not find data/s-tokens/romanos-1-4.txt	0.00	1	romanos-1-4:missing-s-token	no		
	romanos-1-5	romanos 1:5	-	[Spanish token file not found]	-	-	diagnostic-missing-file	missing-file	Could not find data/s-tokens/romanos-1-5.txt	0.00	1	romanos-1-5:missing-s-token	no		
	romanos-1-7	romanos 1:7	-	[Spanish token file not found]	-	-	diagnostic-missing-file	missing-file	Could not find data/s-tokens/romanos-1-7.txt	0.00	1	romanos-1-7:missing-s-token	no		
	romanos-1-9	romanos 1:9	-	[Spanish token file not found]	-	-	diagnostic-missing-file	missing-file	Could not find data/s-tokens/romanos-1-9.txt	0.00	1	romanos-1-9:missing-s-token	no		
	romanos-1-11	romanos 1:11	-	[Spanish token file not found]	-	-	diagnostic-missing-file	missing-file	Could not find data/s-tokens/romanos-1-11.txt	0.00	1	romanos-1-11:missing-s-token	no		
	romanos-1-12	romanos 1:12	-	[Spanish token file not found]	-	-	diagnostic-missing-file	missing-file	Could not find data/s-tokens/romanos-1-12.txt	0.00	1	romanos-1-12:missing-s-token	no		
	romanos-1-13	romanos 1:13	-	[Spanish token file not found]	-	-	diagnostic-missing-file	missing-file	Could not find data/s-tokens/romanos-1-13.txt	0.00	1	romanos-1-13:missing-s-token	no		
	romanos-1-14	romanos 1:14	-	[Spanish token file not found]	-	-	diagnostic-missing-file	missing-file	Could not find data/s-tokens/romanos-1-14.txt	0.00	1	romanos-1-14:missing-s-token	no		
	romanos-1-15	romanos 1:15	-	[Spanish token file not found]	-	-	diagnostic-missing-file	missing-file	Could not find data/s-tokens/romanos-1-15.txt	0.00	1	romanos-1-15:missing-s-token	no		
	romanos-1-16	romanos 1:16	-	[Spanish token file not found]	-	-	diagnostic-missing-file	missing-file	Could not find data/s-tokens/romanos-1-16.txt	0.00	1	romanos-1-16:missing-s-token	no		
	romanos-1-17	romanos 1:17	-	[Spanish token file not found]	-	-	diagnostic-missing-file	missing-file	Could not find data/s-tokens/romanos-1-17.txt	0.00	1	romanos-1-17:missing-s-token	no		
	romanos-1-18	romanos 1:18	-	[Spanish token file not found]	-	-	diagnostic-missing-file	missing-file	Could not find data/s-tokens/romanos-1-18.txt	0.00	1	romanos-1-18:missing-s-token	no		
	romanos-1-19	romanos 1:19	-	[Spanish token file not found]	-	-	diagnostic-missing-file	missing-file	Could not find data/s-tokens/romanos-1-19.txt	0.00	1	romanos-1-19:missing-s-token	no		
	romanos-1-20	romanos 1:20	-	[Spanish token file not found]	-	-	diagnostic-missing-file	missing-file	Could not find data/s-tokens/romanos-1-20.txt	0.00	1	romanos-1-20:missing-s-token	no		
	romanos-1-21	romanos 1:21	-	[Spanish token file not found]	-	-	diagnostic-missing-file	missing-file	Could not find data/s-tokens/romanos-1-21.txt	0.00	1	romanos-1-21:missing-s-token	no		
	romanos-1-22	romanos 1:22	-	[Spanish token file not found]	-	-	diagnostic-missing-file	missing-file	Could not find data/s-tokens/romanos-1-22.txt	0.00	1	romanos-1-22:missing-s-token	no		
	romanos-1-23	romanos 1:23	-	[Spanish token file not found]	-	-	diagnostic-missing-file	missing-file	Could not find data/s-tokens/romanos-1-23.txt	0.00	1	romanos-1-23:missing-s-token	no		
	romanos-1-25	romanos 1:25	-	[Spanish token file not found]	-	-	diagnostic-missing-file	missing-file	Could not find data/s-tokens/romanos-1-25.txt	0.00	1	romanos-1-25:missing-s-token	no		
	romanos-1-26	romanos 1:26	-	[Spanish token file not found]	-	-	diagnostic-missing-file	missing-file	Could not find data/s-tokens/romanos-1-26.txt	0.00	1	romanos-1-26:missing-s-token	no		
	romanos-1-27	romanos 1:27	-	[Spanish token file not found]	-	-	diagnostic-missing-file	missing-file	Could not find data/s-tokens/romanos-1-27.txt	0.00	1	romanos-1-27:missing-s-token	no		
	romanos-1-28	romanos 1:28	-	[Spanish token file not found]	-	-	diagnostic-missing-file	missing-file	Could not find data/s-tokens/romanos-1-28.txt	0.00	1	romanos-1-28:missing-s-token	no		
	romanos-1-29	romanos 1:29	-	[Spanish token file not found]	-	-	diagnostic-missing-file	missing-file	Could not find data/s-tokens/romanos-1-29.txt	0.00	1	romanos-1-29:missing-s-token	no		
	romanos-1-30	romanos 1:30	-	[Spanish token file not found]	-	-	diagnostic-missing-file	missing-file	Could not find data/s-tokens/romanos-1-30.txt	0.00	1	romanos-1-30:missing-s-token	no		
	romanos-1-31	romanos 1:31	-	[Spanish token file not found]	-	-	diagnostic-missing-file	missing-file	Could not find data/s-tokens/romanos-1-31.txt	0.00	1	romanos-1-31:missing-s-token	no		
	romanos-1-32	romanos 1:32	-	[Spanish token file not found]	-	-	diagnostic-missing-file	missing-file	Could not find data/s-tokens/romanos-1-32.txt	0.00	1	romanos-1-32:missing-s-token	no		
	romanos-2-1	romanos 2:1	-	[Spanish token file not found]	-	-	diagnostic-missing-file	missing-file	Could not find data/s-tokens/romanos-2-1.txt	0.00	1	romanos-2-1:missing-s-token	no		
	romanos-2-2	romanos 2:2	-	[Spanish token file not found]	-	-	diagnostic-missing-file	missing-file	Could not find data/s-tokens/romanos-2-2.txt	0.00	1	romanos-2-2:missing-s-token	no		
	romanos-2-3	romanos 2:3	-	[Spanish token file not found]	-	-	diagnostic-missing-file	missing-file	Could not find data/s-tokens/romanos-2-3.txt	0.00	1	romanos-2-3:missing-s-token	no		
	romanos-2-4	romanos 2:4	-	[Spanish token file not found]	-	-	diagnostic-missing-file	missing-file	Could not find data/s-tokens/romanos-2-4.txt	0.00	1	romanos-2-4:missing-s-token	no		
	romanos-2-5	romanos 2:5	-	[Spanish token file not found]	-	-	diagnostic-missing-file	missing-file	Could not find data/s-tokens/romanos-2-5.txt	0.00	1	romanos-2-5:missing-s-token	no		
	romanos-2-6	romanos 2:6	-	[Spanish token file not found]	-	-	diagnostic-missing-file	missing-file	Could not find data/s-tokens/romanos-2-6.txt	0.00	1	romanos-2-6:missing-s-token	no		
	romanos-2-7	romanos 2:7	-	[Spanish token file not found]	-	-	diagnostic-missing-file	missing-file	Could not find data/s-tokens/romanos-2-7.txt	0.00	1	romanos-2-7:missing-s-token	no		
	romanos-2-8	romanos 2:8	-	[Spanish token file not found]	-	-	diagnostic-missing-file	missing-file	Could not find data/s-tokens/romanos-2-8.txt	0.00	1	romanos-2-8:missing-s-token	no		
	romanos-2-11	romanos 2:11	-	[Spanish token file not found]	-	-	diagnostic-missing-file	missing-file	Could not find data/s-tokens/romanos-2-11.txt	0.00	1	romanos-2-11:missing-s-token	no		
	romanos-2-12	romanos 2:12	-	[Spanish token file not found]	-	-	diagnostic-missing-file	missing-file	Could not find data/s-tokens/romanos-2-12.txt	0.00	1	romanos-2-12:missing-s-token	no		
	romanos-2-13	romanos 2:13	-	[Spanish token file not found]	-	-	diagnostic-missing-file	missing-file	Could not find data/s-tokens/romanos-2-13.txt	0.00	1	romanos-2-13:missing-s-token	no		
	romanos-2-14	romanos 2:14	-	[Spanish token file not found]	-	-	diagnostic-missing-file	missing-file	Could not find data/s-tokens/romanos-2-14.txt	0.00	1	romanos-2-14:missing-s-token	no		
	romanos-2-16	romanos 2:16	-	[Spanish token file not found]	-	-	diagnostic-missing-file	missing-file	Could not find data/s-tokens/romanos-2-16.txt	0.00	1	romanos-2-16:missing-s-token	no		
	romanos-2-17	romanos 2:17	-	[Spanish token file not found]	-	-	diagnostic-missing-file	missing-file	Could not find data/s-tokens/romanos-2-17.txt	0.00	1	romanos-2-17:missing-s-token	no		
	romanos-2-18	romanos 2:18	-	[Spanish token file not found]	-	-	diagnostic-missing-file	missing-file	Could not find data/s-tokens/romanos-2-18.txt	0.00	1	romanos-2-18:missing-s-token	no		
	romanos-2-19	romanos 2:19	-	[Spanish token file not found]	-	-	diagnostic-missing-file	missing-file	Could not find data/s-tokens/romanos-2-19.txt	0.00	1	romanos-2-19:missing-s-token	no		
	romanos-2-20	romanos 2:20	-	[Spanish token file not found]	-	-	diagnostic-missing-file	missing-file	Could not find data/s-tokens/romanos-2-20.txt	0.00	1	romanos-2-20:missing-s-token	no		
	romanos-2-21	romanos 2:21	-	[Spanish token file not found]	-	-	diagnostic-missing-file	missing-file	Could not find data/s-tokens/romanos-2-21.txt	0.00	1	romanos-2-21:missing-s-token	no		
	romanos-2-22	romanos 2:22	-	[Spanish token file not found]	-	-	diagnostic-missing-file	missing-file	Could not find data/s-tokens/romanos-2-22.txt	0.00	1	romanos-2-22:missing-s-token	no		
	romanos-2-24	romanos 2:24	-	[Spanish token file not found]	-	-	diagnostic-missing-file	missing-file	Could not find data/s-tokens/romanos-2-24.txt	0.00	1	romanos-2-24:missing-s-token	no		
	romanos-2-25	romanos 2:25	-	[Spanish token file not found]	-	-	diagnostic-missing-file	missing-file	Could not find data/s-tokens/romanos-2-25.txt	0.00	1	romanos-2-25:missing-s-token	no		
	romanos-2-26	romanos 2:26	-	[Spanish token file not found]	-	-	diagnostic-missing-file	missing-file	Could not find data/s-tokens/romanos-2-26.txt	0.00	1	romanos-2-26:missing-s-token	no		
	romanos-2-27	romanos 2:27	-	[Spanish token file not found]	-	-	diagnostic-missing-file	missing-file	Could not find data/s-tokens/romanos-2-27.txt	0.00	1	romanos-2-27:missing-s-token	no		
	romanos-2-28	romanos 2:28	-	[Spanish token file not found]	-	-	diagnostic-missing-file	missing-file	Could not find data/s-tokens/romanos-2-28.txt	0.00	1	romanos-2-28:missing-s-token	no		
	romanos-2-29	romanos 2:29	-	[Spanish token file not found]	-	-	diagnostic-missing-file	missing-file	Could not find data/s-tokens/romanos-2-29.txt	0.00	1	romanos-2-29:missing-s-token	no		
	romanos-3-1	romanos 3:1	-	[Spanish token file not found]	-	-	diagnostic-missing-file	missing-file	Could not find data/s-tokens/romanos-3-1.txt	0.00	1	romanos-3-1:missing-s-token	no		
	romanos-3-2	romanos 3:2	-	[Spanish token file not found]	-	-	diagnostic-missing-file	missing-file	Could not find data/s-tokens/romanos-3-2.txt	0.00	1	romanos-3-2:missing-s-token	no		
	romanos-3-3	romanos 3:3	-	[Spanish token file not found]	-	-	diagnostic-missing-file	missing-file	Could not find data/s-tokens/romanos-3-3.txt	0.00	1	romanos-3-3:missing-s-token	no		
	romanos-3-5	romanos 3:5	-	[Spanish token file not found]	-	-	diagnostic-missing-file	missing-file	Could not find data/s-tokens/romanos-3-5.txt	0.00	1	romanos-3-5:missing-s-token	no		
	romanos-3-6	romanos 3:6	-	[Spanish token file not found]	-	-	diagnostic-missing-file	missing-file	Could not find data/s-tokens/romanos-3-6.txt	0.00	1	romanos-3-6:missing-s-token	no		
	romanos-3-7	romanos 3:7	-	[Spanish token file not found]	-	-	diagnostic-missing-file	missing-file	Could not find data/s-tokens/romanos-3-7.txt	0.00	1	romanos-3-7:missing-s-token	no		
	romanos-3-8	romanos 3:8	-	[Spanish token file not found]	-	-	diagnostic-missing-file	missing-file	Could not find data/s-tokens/romanos-3-8.txt	0.00	1	romanos-3-8:missing-s-token	no		
	romanos-3-9	romanos 3:9	-	[Spanish token file not found]	-	-	diagnostic-missing-file	missing-file	Could not find data/s-tokens/romanos-3-9.txt	0.00	1	romanos-3-9:missing-s-token	no		
	romanos-3-10	romanos 3:10	-	[Spanish token file not found]	-	-	diagnostic-missing-file	missing-file	Could not find data/s-tokens/romanos-3-10.txt	0.00	1	romanos-3-10:missing-s-token	no		
	romanos-3-12	romanos 3:12	-	[Spanish token file not found]	-	-	diagnostic-missing-file	missing-file	Could not find data/s-tokens/romanos-3-12.txt	0.00	1	romanos-3-12:missing-s-token	no		
	romanos-3-13	romanos 3:13	-	[Spanish token file not found]	-	-	diagnostic-missing-file	missing-file	Could not find data/s-tokens/romanos-3-13.txt	0.00	1	romanos-3-13:missing-s-token	no		
	romanos-3-15	romanos 3:15	-	[Spanish token file not found]	-	-	diagnostic-missing-file	missing-file	Could not find data/s-tokens/romanos-3-15.txt	0.00	1	romanos-3-15:missing-s-token	no		
	romanos-3-17	romanos 3:17	-	[Spanish token file not found]	-	-	diagnostic-missing-file	missing-file	Could not find data/s-tokens/romanos-3-17.txt	0.00	1	romanos-3-17:missing-s-token	no		
	romanos-3-19	romanos 3:19	-	[Spanish token file not found]	-	-	diagnostic-missing-file	missing-file	Could not find data/s-tokens/romanos-3-19.txt	0.00	1	romanos-3-19:missing-s-token	no		
	romanos-3-20	romanos 3:20	-	[Spanish token file not found]	-	-	diagnostic-missing-file	missing-file	Could not find data/s-tokens/romanos-3-20.txt	0.00	1	romanos-3-20:missing-s-token	no		
	romanos-3-21	romanos 3:21	-	[Spanish token file not found]	-	-	diagnostic-missing-file	missing-file	Could not find data/s-tokens/romanos-3-21.txt	0.00	1	romanos-3-21:missing-s-token	no		
	romanos-3-22	romanos 3:22	-	[Spanish token file not found]	-	-	diagnostic-missing-file	missing-file	Could not find data/s-tokens/romanos-3-22.txt	0.00	1	romanos-3-22:missing-s-token	no		
	romanos-3-23	romanos 3:23	-	[Spanish token file not found]	-	-	diagnostic-missing-file	missing-file	Could not find data/s-tokens/romanos-3-23.txt	0.00	1	romanos-3-23:missing-s-token	no		
	romanos-3-25	romanos 3:25	-	[Spanish token file not found]	-	-	diagnostic-missing-file	missing-file	Could not find data/s-tokens/romanos-3-25.txt	0.00	1	romanos-3-25:missing-s-token	no		
	romanos-3-26	romanos 3:26	-	[Spanish token file not found]	-	-	diagnostic-missing-file	missing-file	Could not find data/s-tokens/romanos-3-26.txt	0.00	1	romanos-3-26:missing-s-token	no		
	romanos-3-27	romanos 3:27	-	[Spanish token file not found]	-	-	diagnostic-missing-file	missing-file	Could not find data/s-tokens/romanos-3-27.txt	0.00	1	romanos-3-27:missing-s-token	no		
	romanos-3-28	romanos 3:28	-	[Spanish token file not found]	-	-	diagnostic-missing-file	missing-file	Could not find data/s-tokens/romanos-3-28.txt	0.00	1	romanos-3-28:missing-s-token	no		
	romanos-3-29	romanos 3:29	-	[Spanish token file not found]	-	-	diagnostic-missing-file	missing-file	Could not find data/s-tokens/romanos-3-29.txt	0.00	1	romanos-3-29:missing-s-token	no		
	romanos-3-30	romanos 3:30	-	[Spanish token file not found]	-	-	diagnostic-missing-file	missing-file	Could not find data/s-tokens/romanos-3-30.txt	0.00	1	romanos-3-30:missing-s-token	no		
	romanos-3-31	romanos 3:31	-	[Spanish token file not found]	-	-	diagnostic-missing-file	missing-file	Could not find data/s-tokens/romanos-3-31.txt	0.00	1	romanos-3-31:missing-s-token	no		
	romanos-4-1	romanos 4:1	-	[Spanish token file not found]	-	-	diagnostic-missing-file	missing-file	Could not find data/s-tokens/romanos-4-1.txt	0.00	1	romanos-4-1:missing-s-token	no		
	romanos-4-2	romanos 4:2	-	[Spanish token file not found]	-	-	diagnostic-missing-file	missing-file	Could not find data/s-tokens/romanos-4-2.txt	0.00	1	romanos-4-2:missing-s-token	no		
	romanos-4-3	romanos 4:3	-	[Spanish token file not found]	-	-	diagnostic-missing-file	missing-file	Could not find data/s-tokens/romanos-4-3.txt	0.00	1	romanos-4-3:missing-s-token	no		
	romanos-4-4	romanos 4:4	-	[Spanish token file not found]	-	-	diagnostic-missing-file	missing-file	Could not find data/s-tokens/romanos-4-4.txt	0.00	1	romanos-4-4:missing-s-token	no		
	romanos-4-6	romanos 4:6	-	[Spanish token file not found]	-	-	diagnostic-missing-file	missing-file	Could not find data/s-tokens/romanos-4-6.txt	0.00	1	romanos-4-6:missing-s-token	no		
	romanos-4-7	romanos 4:7	-	[Spanish token file not found]	-	-	diagnostic-missing-file	missing-file	Could not find data/s-tokens/romanos-4-7.txt	0.00	1	romanos-4-7:missing-s-token	no		
	romanos-4-8	romanos 4:8	-	[Spanish token file not found]	-	-	diagnostic-missing-file	missing-file	Could not find data/s-tokens/romanos-4-8.txt	0.00	1	romanos-4-8:missing-s-token	no		
	romanos-4-11	romanos 4:11	-	[Spanish token file not found]	-	-	diagnostic-missing-file	missing-file	Could not find data/s-tokens/romanos-4-11.txt	0.00	1	romanos-4-11:missing-s-token	no		
	romanos-4-12	romanos 4:12	-	[Spanish token file not found]	-	-	diagnostic-missing-file	missing-file	Could not find data/s-tokens/romanos-4-12.txt	0.00	1	romanos-4-12:missing-s-token	no		
	romanos-4-13	romanos 4:13	-	[Spanish token file not found]	-	-	diagnostic-missing-file	missing-file	Could not find data/s-tokens/romanos-4-13.txt	0.00	1	romanos-4-13:missing-s-token	no		
	romanos-4-14	romanos 4:14	-	[Spanish token file not found]	-	-	diagnostic-missing-file	missing-file	Could not find data/s-tokens/romanos-4-14.txt	0.00	1	romanos-4-14:missing-s-token	no		
	romanos-4-15	romanos 4:15	-	[Spanish token file not found]	-	-	diagnostic-missing-file	missing-file	Could not find data/s-tokens/romanos-4-15.txt	0.00	1	romanos-4-15:missing-s-token	no		
	romanos-4-16	romanos 4:16	-	[Spanish token file not found]	-	-	diagnostic-missing-file	missing-file	Could not find data/s-tokens/romanos-4-16.txt	0.00	1	romanos-4-16:missing-s-token	no		
	romanos-4-17	romanos 4:17	-	[Spanish token file not found]	-	-	diagnostic-missing-file	missing-file	Could not find data/s-tokens/romanos-4-17.txt	0.00	1	romanos-4-17:missing-s-token	no		
	romanos-4-18	romanos 4:18	-	[Spanish token file not found]	-	-	diagnostic-missing-file	missing-file	Could not find data/s-tokens/romanos-4-18.txt	0.00	1	romanos-4-18:missing-s-token	no		
	romanos-4-19	romanos 4:19	-	[Spanish token file not found]	-	-	diagnostic-missing-file	missing-file	Could not find data/s-tokens/romanos-4-19.txt	0.00	1	romanos-4-19:missing-s-token	no		
	romanos-4-20	romanos 4:20	-	[Spanish token file not found]	-	-	diagnostic-missing-file	missing-file	Could not find data/s-tokens/romanos-4-20.txt	0.00	1	romanos-4-20:missing-s-token	no		
	romanos-4-21	romanos 4:21	-	[Spanish token file not found]	-	-	diagnostic-missing-file	missing-file	Could not find data/s-tokens/romanos-4-21.txt	0.00	1	romanos-4-21:missing-s-token	no		
	romanos-4-22	romanos 4:22	-	[Spanish token file not found]	-	-	diagnostic-missing-file	missing-file	Could not find data/s-tokens/romanos-4-22.txt	0.00	1	romanos-4-22:missing-s-token	no		
	romanos-4-23	romanos 4:23	-	[Spanish token file not found]	-	-	diagnostic-missing-file	missing-file	Could not find data/s-tokens/romanos-4-23.txt	0.00	1	romanos-4-23:missing-s-token	no		
	romanos-4-24	romanos 4:24	-	[Spanish token file not found]	-	-	diagnostic-missing-file	missing-file	Could not find data/s-tokens/romanos-4-24.txt	0.00	1	romanos-4-24:missing-s-token	no		
	romanos-4-25	romanos 4:25	-	[Spanish token file not found]	-	-	diagnostic-missing-file	missing-file	Could not find data/s-tokens/romanos-4-25.txt	0.00	1	romanos-4-25:missing-s-token	no		
	romanos-5-1	romanos 5:1	-	[Spanish token file not found]	-	-	diagnostic-missing-file	missing-file	Could not find data/s-tokens/romanos-5-1.txt	0.00	1	romanos-5-1:missing-s-token	no		
	romanos-5-2	romanos 5:2	-	[Spanish token file not found]	-	-	diagnostic-missing-file	missing-file	Could not find data/s-tokens/romanos-5-2.txt	0.00	1	romanos-5-2:missing-s-token	no		
	romanos-5-3	romanos 5:3	-	[Spanish token file not found]	-	-	diagnostic-missing-file	missing-file	Could not find data/s-tokens/romanos-5-3.txt	0.00	1	romanos-5-3:missing-s-token	no		
	romanos-5-4	romanos 5:4	-	[Spanish token file not found]	-	-	diagnostic-missing-file	missing-file	Could not find data/s-tokens/romanos-5-4.txt	0.00	1	romanos-5-4:missing-s-token	no		
	romanos-5-5	romanos 5:5	-	[Spanish token file not found]	-	-	diagnostic-missing-file	missing-file	Could not find data/s-tokens/romanos-5-5.txt	0.00	1	romanos-5-5:missing-s-token	no		
	romanos-5-7	romanos 5:7	-	[Spanish token file not found]	-	-	diagnostic-missing-file	missing-file	Could not find data/s-tokens/romanos-5-7.txt	0.00	1	romanos-5-7:missing-s-token	no		
	romanos-5-9	romanos 5:9	-	[Spanish token file not found]	-	-	diagnostic-missing-file	missing-file	Could not find data/s-tokens/romanos-5-9.txt	0.00	1	romanos-5-9:missing-s-token	no		
	romanos-5-10	romanos 5:10	-	[Spanish token file not found]	-	-	diagnostic-missing-file	missing-file	Could not find data/s-tokens/romanos-5-10.txt	0.00	1	romanos-5-10:missing-s-token	no		
	romanos-5-11	romanos 5:11	-	[Spanish token file not found]	-	-	diagnostic-missing-file	missing-file	Could not find data/s-tokens/romanos-5-11.txt	0.00	1	romanos-5-11:missing-s-token	no		
	romanos-5-13	romanos 5:13	-	[Spanish token file not found]	-	-	diagnostic-missing-file	missing-file	Could not find data/s-tokens/romanos-5-13.txt	0.00	1	romanos-5-13:missing-s-token	no		
	romanos-5-14	romanos 5:14	-	[Spanish token file not found]	-	-	diagnostic-missing-file	missing-file	Could not find data/s-tokens/romanos-5-14.txt	0.00	1	romanos-5-14:missing-s-token	no		
	romanos-5-15	romanos 5:15	-	[Spanish token file not found]	-	-	diagnostic-missing-file	missing-file	Could not find data/s-tokens/romanos-5-15.txt	0.00	1	romanos-5-15:missing-s-token	no		
	romanos-5-16	romanos 5:16	-	[Spanish token file not found]	-	-	diagnostic-missing-file	missing-file	Could not find data/s-tokens/romanos-5-16.txt	0.00	1	romanos-5-16:missing-s-token	no		
	romanos-5-17	romanos 5:17	-	[Spanish token file not found]	-	-	diagnostic-missing-file	missing-file	Could not find data/s-tokens/romanos-5-17.txt	0.00	1	romanos-5-17:missing-s-token	no		
	romanos-5-18	romanos 5:18	-	[Spanish token file not found]	-	-	diagnostic-missing-file	missing-file	Could not find data/s-tokens/romanos-5-18.txt	0.00	1	romanos-5-18:missing-s-token	no		
	romanos-5-20	romanos 5:20	-	[Spanish token file not found]	-	-	diagnostic-missing-file	missing-file	Could not find data/s-tokens/romanos-5-20.txt	0.00	1	romanos-5-20:missing-s-token	no		
	romanos-5-21	romanos 5:21	-	[Spanish token file not found]	-	-	diagnostic-missing-file	missing-file	Could not find data/s-tokens/romanos-5-21.txt	0.00	1	romanos-5-21:missing-s-token	no		
	romanos-6-3	romanos 6:3	-	[Spanish token file not found]	-	-	diagnostic-missing-file	missing-file	Could not find data/s-tokens/romanos-6-3.txt	0.00	1	romanos-6-3:missing-s-token	no		
	romanos-6-4	romanos 6:4	-	[Spanish token file not found]	-	-	diagnostic-missing-file	missing-file	Could not find data/s-tokens/romanos-6-4.txt	0.00	1	romanos-6-4:missing-s-token	no		
	romanos-6-5	romanos 6:5	-	[Spanish token file not found]	-	-	diagnostic-missing-file	missing-file	Could not find data/s-tokens/romanos-6-5.txt	0.00	1	romanos-6-5:missing-s-token	no		
	romanos-6-6	romanos 6:6	-	[Spanish token file not found]	-	-	diagnostic-missing-file	missing-file	Could not find data/s-tokens/romanos-6-6.txt	0.00	1	romanos-6-6:missing-s-token	no		
	romanos-6-7	romanos 6:7	-	[Spanish token file not found]	-	-	diagnostic-missing-file	missing-file	Could not find data/s-tokens/romanos-6-7.txt	0.00	1	romanos-6-7:missing-s-token	no		
	romanos-6-9	romanos 6:9	-	[Spanish token file not found]	-	-	diagnostic-missing-file	missing-file	Could not find data/s-tokens/romanos-6-9.txt	0.00	1	romanos-6-9:missing-s-token	no		
	romanos-6-10	romanos 6:10	-	[Spanish token file not found]	-	-	diagnostic-missing-file	missing-file	Could not find data/s-tokens/romanos-6-10.txt	0.00	1	romanos-6-10:missing-s-token	no		
	romanos-6-12	romanos 6:12	-	[Spanish token file not found]	-	-	diagnostic-missing-file	missing-file	Could not find data/s-tokens/romanos-6-12.txt	0.00	1	romanos-6-12:missing-s-token	no		
	romanos-6-13	romanos 6:13	-	[Spanish token file not found]	-	-	diagnostic-missing-file	missing-file	Could not find data/s-tokens/romanos-6-13.txt	0.00	1	romanos-6-13:missing-s-token	no		
	romanos-6-14	romanos 6:14	-	[Spanish token file not found]	-	-	diagnostic-missing-file	missing-file	Could not find data/s-tokens/romanos-6-14.txt	0.00	1	romanos-6-14:missing-s-token	no		
	romanos-6-15	romanos 6:15	-	[Spanish token file not found]	-	-	diagnostic-missing-file	missing-file	Could not find data/s-tokens/romanos-6-15.txt	0.00	1	romanos-6-15:missing-s-token	no		
	romanos-6-16	romanos 6:16	-	[Spanish token file not found]	-	-	diagnostic-missing-file	missing-file	Could not find data/s-tokens/romanos-6-16.txt	0.00	1	romanos-6-16:missing-s-token	no		
	romanos-6-17	romanos 6:17	-	[Spanish token file not found]	-	-	diagnostic-missing-file	missing-file	Could not find data/s-tokens/romanos-6-17.txt	0.00	1	romanos-6-17:missing-s-token	no		
	romanos-6-18	romanos 6:18	-	[Spanish token file not found]	-	-	diagnostic-missing-file	missing-file	Could not find data/s-tokens/romanos-6-18.txt	0.00	1	romanos-6-18:missing-s-token	no		
	romanos-6-19	romanos 6:19	-	[Spanish token file not found]	-	-	diagnostic-missing-file	missing-file	Could not find data/s-tokens/romanos-6-19.txt	0.00	1	romanos-6-19:missing-s-token	no		
	romanos-6-20	romanos 6:20	-	[Spanish token file not found]	-	-	diagnostic-missing-file	missing-file	Could not find data/s-tokens/romanos-6-20.txt	0.00	1	romanos-6-20:missing-s-token	no		
	romanos-6-21	romanos 6:21	-	[Spanish token file not found]	-	-	diagnostic-missing-file	missing-file	Could not find data/s-tokens/romanos-6-21.txt	0.00	1	romanos-6-21:missing-s-token	no		
	romanos-6-22	romanos 6:22	-	[Spanish token file not found]	-	-	diagnostic-missing-file	missing-file	Could not find data/s-tokens/romanos-6-22.txt	0.00	1	romanos-6-22:missing-s-token	no		
	romanos-7-1	romanos 7:1	-	[Spanish token file not found]	-	-	diagnostic-missing-file	missing-file	Could not find data/s-tokens/romanos-7-1.txt	0.00	1	romanos-7-1:missing-s-token	no		
	romanos-7-2	romanos 7:2	-	[Spanish token file not found]	-	-	diagnostic-missing-file	missing-file	Could not find data/s-tokens/romanos-7-2.txt	0.00	1	romanos-7-2:missing-s-token	no		
	romanos-7-3	romanos 7:3	-	[Spanish token file not found]	-	-	diagnostic-missing-file	missing-file	Could not find data/s-tokens/romanos-7-3.txt	0.00	1	romanos-7-3:missing-s-token	no		
	romanos-7-4	romanos 7:4	-	[Spanish token file not found]	-	-	diagnostic-missing-file	missing-file	Could not find data/s-tokens/romanos-7-4.txt	0.00	1	romanos-7-4:missing-s-token	no		
	romanos-7-5	romanos 7:5	-	[Spanish token file not found]	-	-	diagnostic-missing-file	missing-file	Could not find data/s-tokens/romanos-7-5.txt	0.00	1	romanos-7-5:missing-s-token	no		
	romanos-7-6	romanos 7:6	-	[Spanish token file not found]	-	-	diagnostic-missing-file	missing-file	Could not find data/s-tokens/romanos-7-6.txt	0.00	1	romanos-7-6:missing-s-token	no		
	romanos-7-7	romanos 7:7	-	[Spanish token file not found]	-	-	diagnostic-missing-file	missing-file	Could not find data/s-tokens/romanos-7-7.txt	0.00	1	romanos-7-7:missing-s-token	no		
	romanos-7-9	romanos 7:9	-	[Spanish token file not found]	-	-	diagnostic-missing-file	missing-file	Could not find data/s-tokens/romanos-7-9.txt	0.00	1	romanos-7-9:missing-s-token	no		
	romanos-7-13	romanos 7:13	-	[Spanish token file not found]	-	-	diagnostic-missing-file	missing-file	Could not find data/s-tokens/romanos-7-13.txt	0.00	1	romanos-7-13:missing-s-token	no		
	romanos-7-14	romanos 7:14	-	[Spanish token file not found]	-	-	diagnostic-missing-file	missing-file	Could not find data/s-tokens/romanos-7-14.txt	0.00	1	romanos-7-14:missing-s-token	no		
	romanos-7-15	romanos 7:15	-	[Spanish token file not found]	-	-	diagnostic-missing-file	missing-file	Could not find data/s-tokens/romanos-7-15.txt	0.00	1	romanos-7-15:missing-s-token	no		
	romanos-7-16	romanos 7:16	-	[Spanish token file not found]	-	-	diagnostic-missing-file	missing-file	Could not find data/s-tokens/romanos-7-16.txt	0.00	1	romanos-7-16:missing-s-token	no		
	romanos-7-17	romanos 7:17	-	[Spanish token file not found]	-	-	diagnostic-missing-file	missing-file	Could not find data/s-tokens/romanos-7-17.txt	0.00	1	romanos-7-17:missing-s-token	no		
	romanos-7-18	romanos 7:18	-	[Spanish token file not found]	-	-	diagnostic-missing-file	missing-file	Could not find data/s-tokens/romanos-7-18.txt	0.00	1	romanos-7-18:missing-s-token	no		
	romanos-7-19	romanos 7:19	-	[Spanish token file not found]	-	-	diagnostic-missing-file	missing-file	Could not find data/s-tokens/romanos-7-19.txt	0.00	1	romanos-7-19:missing-s-token	no		
	romanos-7-20	romanos 7:20	-	[Spanish token file not found]	-	-	diagnostic-missing-file	missing-file	Could not find data/s-tokens/romanos-7-20.txt	0.00	1	romanos-7-20:missing-s-token	no		
	romanos-7-21	romanos 7:21	-	[Spanish token file not found]	-	-	diagnostic-missing-file	missing-file	Could not find data/s-tokens/romanos-7-21.txt	0.00	1	romanos-7-21:missing-s-token	no		
	romanos-7-22	romanos 7:22	-	[Spanish token file not found]	-	-	diagnostic-missing-file	missing-file	Could not find data/s-tokens/romanos-7-22.txt	0.00	1	romanos-7-22:missing-s-token	no		
	romanos-7-23	romanos 7:23	-	[Spanish token file not found]	-	-	diagnostic-missing-file	missing-file	Could not find data/s-tokens/romanos-7-23.txt	0.00	1	romanos-7-23:missing-s-token	no		
	romanos-7-24	romanos 7:24	-	[Spanish token file not found]	-	-	diagnostic-missing-file	missing-file	Could not find data/s-tokens/romanos-7-24.txt	0.00	1	romanos-7-24:missing-s-token	no		
	romanos-7-25	romanos 7:25	-	[Spanish token file not found]	-	-	diagnostic-missing-file	missing-file	Could not find data/s-tokens/romanos-7-25.txt	0.00	1	romanos-7-25:missing-s-token	no		
	romanos-8-1	romanos 8:1	-	[Spanish token file not found]	-	-	diagnostic-missing-file	missing-file	Could not find data/s-tokens/romanos-8-1.txt	0.00	1	romanos-8-1:missing-s-token	no		
	romanos-8-2	romanos 8:2	-	[Spanish token file not found]	-	-	diagnostic-missing-file	missing-file	Could not find data/s-tokens/romanos-8-2.txt	0.00	1	romanos-8-2:missing-s-token	no		
	romanos-8-3	romanos 8:3	-	[Spanish token file not found]	-	-	diagnostic-missing-file	missing-file	Could not find data/s-tokens/romanos-8-3.txt	0.00	1	romanos-8-3:missing-s-token	no		
	romanos-8-5	romanos 8:5	-	[Spanish token file not found]	-	-	diagnostic-missing-file	missing-file	Could not find data/s-tokens/romanos-8-5.txt	0.00	1	romanos-8-5:missing-s-token	no		
	romanos-8-6	romanos 8:6	-	[Spanish token file not found]	-	-	diagnostic-missing-file	missing-file	Could not find data/s-tokens/romanos-8-6.txt	0.00	1	romanos-8-6:missing-s-token	no		
	romanos-8-7	romanos 8:7	-	[Spanish token file not found]	-	-	diagnostic-missing-file	missing-file	Could not find data/s-tokens/romanos-8-7.txt	0.00	1	romanos-8-7:missing-s-token	no		
	romanos-8-8	romanos 8:8	-	[Spanish token file not found]	-	-	diagnostic-missing-file	missing-file	Could not find data/s-tokens/romanos-8-8.txt	0.00	1	romanos-8-8:missing-s-token	no		
	romanos-8-9	romanos 8:9	-	[Spanish token file not found]	-	-	diagnostic-missing-file	missing-file	Could not find data/s-tokens/romanos-8-9.txt	0.00	1	romanos-8-9:missing-s-token	no		
	romanos-8-10	romanos 8:10	-	[Spanish token file not found]	-	-	diagnostic-missing-file	missing-file	Could not find data/s-tokens/romanos-8-10.txt	0.00	1	romanos-8-10:missing-s-token	no		
	romanos-8-11	romanos 8:11	-	[Spanish token file not found]	-	-	diagnostic-missing-file	missing-file	Could not find data/s-tokens/romanos-8-11.txt	0.00	1	romanos-8-11:missing-s-token	no		
	romanos-8-12	romanos 8:12	-	[Spanish token file not found]	-	-	diagnostic-missing-file	missing-file	Could not find data/s-tokens/romanos-8-12.txt	0.00	1	romanos-8-12:missing-s-token	no		
	romanos-8-13	romanos 8:13	-	[Spanish token file not found]	-	-	diagnostic-missing-file	missing-file	Could not find data/s-tokens/romanos-8-13.txt	0.00	1	romanos-8-13:missing-s-token	no		
	romanos-8-14	romanos 8:14	-	[Spanish token file not found]	-	-	diagnostic-missing-file	missing-file	Could not find data/s-tokens/romanos-8-14.txt	0.00	1	romanos-8-14:missing-s-token	no		
	romanos-8-15	romanos 8:15	-	[Spanish token file not found]	-	-	diagnostic-missing-file	missing-file	Could not find data/s-tokens/romanos-8-15.txt	0.00	1	romanos-8-15:missing-s-token	no		
	romanos-8-16	romanos 8:16	-	[Spanish token file not found]	-	-	diagnostic-missing-file	missing-file	Could not find data/s-tokens/romanos-8-16.txt	0.00	1	romanos-8-16:missing-s-token	no		
	romanos-8-17	romanos 8:17	-	[Spanish token file not found]	-	-	diagnostic-missing-file	missing-file	Could not find data/s-tokens/romanos-8-17.txt	0.00	1	romanos-8-17:missing-s-token	no		
	romanos-8-18	romanos 8:18	-	[Spanish token file not found]	-	-	diagnostic-missing-file	missing-file	Could not find data/s-tokens/romanos-8-18.txt	0.00	1	romanos-8-18:missing-s-token	no		
	romanos-8-19	romanos 8:19	-	[Spanish token file not found]	-	-	diagnostic-missing-file	missing-file	Could not find data/s-tokens/romanos-8-19.txt	0.00	1	romanos-8-19:missing-s-token	no		
	romanos-8-20	romanos 8:20	-	[Spanish token file not found]	-	-	diagnostic-missing-file	missing-file	Could not find data/s-tokens/romanos-8-20.txt	0.00	1	romanos-8-20:missing-s-token	no		
	romanos-8-21	romanos 8:21	-	[Spanish token file not found]	-	-	diagnostic-missing-file	missing-file	Could not find data/s-tokens/romanos-8-21.txt	0.00	1	romanos-8-21:missing-s-token	no		
	romanos-8-22	romanos 8:22	-	[Spanish token file not found]	-	-	diagnostic-missing-file	missing-file	Could not find data/s-tokens/romanos-8-22.txt	0.00	1	romanos-8-22:missing-s-token	no		
	romanos-8-23	romanos 8:23	-	[Spanish token file not found]	-	-	diagnostic-missing-file	missing-file	Could not find data/s-tokens/romanos-8-23.txt	0.00	1	romanos-8-23:missing-s-token	no		
	romanos-8-24	romanos 8:24	-	[Spanish token file not found]	-	-	diagnostic-missing-file	missing-file	Could not find data/s-tokens/romanos-8-24.txt	0.00	1	romanos-8-24:missing-s-token	no		
	romanos-8-25	romanos 8:25	-	[Spanish token file not found]	-	-	diagnostic-missing-file	missing-file	Could not find data/s-tokens/romanos-8-25.txt	0.00	1	romanos-8-25:missing-s-token	no		
	romanos-8-26	romanos 8:26	-	[Spanish token file not found]	-	-	diagnostic-missing-file	missing-file	Could not find data/s-tokens/romanos-8-26.txt	0.00	1	romanos-8-26:missing-s-token	no		
	romanos-8-27	romanos 8:27	-	[Spanish token file not found]	-	-	diagnostic-missing-file	missing-file	Could not find data/s-tokens/romanos-8-27.txt	0.00	1	romanos-8-27:missing-s-token	no		
	romanos-8-28	romanos 8:28	-	[Spanish token file not found]	-	-	diagnostic-missing-file	missing-file	Could not find data/s-tokens/romanos-8-28.txt	0.00	1	romanos-8-28:missing-s-token	no		
	romanos-8-29	romanos 8:29	-	[Spanish token file not found]	-	-	diagnostic-missing-file	missing-file	Could not find data/s-tokens/romanos-8-29.txt	0.00	1	romanos-8-29:missing-s-token	no		
	romanos-8-31	romanos 8:31	-	[Spanish token file not found]	-	-	diagnostic-missing-file	missing-file	Could not find data/s-tokens/romanos-8-31.txt	0.00	1	romanos-8-31:missing-s-token	no		
	romanos-8-32	romanos 8:32	-	[Spanish token file not found]	-	-	diagnostic-missing-file	missing-file	Could not find data/s-tokens/romanos-8-32.txt	0.00	1	romanos-8-32:missing-s-token	no		
	romanos-8-33	romanos 8:33	-	[Spanish token file not found]	-	-	diagnostic-missing-file	missing-file	Could not find data/s-tokens/romanos-8-33.txt	0.00	1	romanos-8-33:missing-s-token	no		
	romanos-8-34	romanos 8:34	-	[Spanish token file not found]	-	-	diagnostic-missing-file	missing-file	Could not find data/s-tokens/romanos-8-34.txt	0.00	1	romanos-8-34:missing-s-token	no		
	romanos-8-35	romanos 8:35	-	[Spanish token file not found]	-	-	diagnostic-missing-file	missing-file	Could not find data/s-tokens/romanos-8-35.txt	0.00	1	romanos-8-35:missing-s-token	no		
	romanos-8-36	romanos 8:36	-	[Spanish token file not found]	-	-	diagnostic-missing-file	missing-file	Could not find data/s-tokens/romanos-8-36.txt	0.00	1	romanos-8-36:missing-s-token	no		
	romanos-8-37	romanos 8:37	-	[Spanish token file not found]	-	-	diagnostic-missing-file	missing-file	Could not find data/s-tokens/romanos-8-37.txt	0.00	1	romanos-8-37:missing-s-token	no		
	romanos-8-38	romanos 8:38	-	[Spanish token file not found]	-	-	diagnostic-missing-file	missing-file	Could not find data/s-tokens/romanos-8-38.txt	0.00	1	romanos-8-38:missing-s-token	no		
	romanos-8-39	romanos 8:39	-	[Spanish token file not found]	-	-	diagnostic-missing-file	missing-file	Could not find data/s-tokens/romanos-8-39.txt	0.00	1	romanos-8-39:missing-s-token	no		
	romanos-9-2	romanos 9:2	-	[Spanish token file not found]	-	-	diagnostic-missing-file	missing-file	Could not find data/s-tokens/romanos-9-2.txt	0.00	1	romanos-9-2:missing-s-token	no		
	romanos-9-4	romanos 9:4	-	[Spanish token file not found]	-	-	diagnostic-missing-file	missing-file	Could not find data/s-tokens/romanos-9-4.txt	0.00	1	romanos-9-4:missing-s-token	no		
	romanos-9-5	romanos 9:5	-	[Spanish token file not found]	-	-	diagnostic-missing-file	missing-file	Could not find data/s-tokens/romanos-9-5.txt	0.00	1	romanos-9-5:missing-s-token	no		
	romanos-9-6	romanos 9:6	-	[Spanish token file not found]	-	-	diagnostic-missing-file	missing-file	Could not find data/s-tokens/romanos-9-6.txt	0.00	1	romanos-9-6:missing-s-token	no		
	romanos-9-7	romanos 9:7	-	[Spanish token file not found]	-	-	diagnostic-missing-file	missing-file	Could not find data/s-tokens/romanos-9-7.txt	0.00	1	romanos-9-7:missing-s-token	no		
	romanos-9-8	romanos 9:8	-	[Spanish token file not found]	-	-	diagnostic-missing-file	missing-file	Could not find data/s-tokens/romanos-9-8.txt	0.00	1	romanos-9-8:missing-s-token	no		
	romanos-9-10	romanos 9:10	-	[Spanish token file not found]	-	-	diagnostic-missing-file	missing-file	Could not find data/s-tokens/romanos-9-10.txt	0.00	1	romanos-9-10:missing-s-token	no		
	romanos-9-11	romanos 9:11	-	[Spanish token file not found]	-	-	diagnostic-missing-file	missing-file	Could not find data/s-tokens/romanos-9-11.txt	0.00	1	romanos-9-11:missing-s-token	no		
	romanos-9-13	romanos 9:13	-	[Spanish token file not found]	-	-	diagnostic-missing-file	missing-file	Could not find data/s-tokens/romanos-9-13.txt	0.00	1	romanos-9-13:missing-s-token	no		
	romanos-9-14	romanos 9:14	-	[Spanish token file not found]	-	-	diagnostic-missing-file	missing-file	Could not find data/s-tokens/romanos-9-14.txt	0.00	1	romanos-9-14:missing-s-token	no		
	romanos-9-15	romanos 9:15	-	[Spanish token file not found]	-	-	diagnostic-missing-file	missing-file	Could not find data/s-tokens/romanos-9-15.txt	0.00	1	romanos-9-15:missing-s-token	no		
	romanos-9-16	romanos 9:16	-	[Spanish token file not found]	-	-	diagnostic-missing-file	missing-file	Could not find data/s-tokens/romanos-9-16.txt	0.00	1	romanos-9-16:missing-s-token	no		
	romanos-9-18	romanos 9:18	-	[Spanish token file not found]	-	-	diagnostic-missing-file	missing-file	Could not find data/s-tokens/romanos-9-18.txt	0.00	1	romanos-9-18:missing-s-token	no		
	romanos-9-19	romanos 9:19	-	[Spanish token file not found]	-	-	diagnostic-missing-file	missing-file	Could not find data/s-tokens/romanos-9-19.txt	0.00	1	romanos-9-19:missing-s-token	no		
	romanos-9-20	romanos 9:20	-	[Spanish token file not found]	-	-	diagnostic-missing-file	missing-file	Could not find data/s-tokens/romanos-9-20.txt	0.00	1	romanos-9-20:missing-s-token	no		
	romanos-9-21	romanos 9:21	-	[Spanish token file not found]	-	-	diagnostic-missing-file	missing-file	Could not find data/s-tokens/romanos-9-21.txt	0.00	1	romanos-9-21:missing-s-token	no		
	romanos-9-22	romanos 9:22	-	[Spanish token file not found]	-	-	diagnostic-missing-file	missing-file	Could not find data/s-tokens/romanos-9-22.txt	0.00	1	romanos-9-22:missing-s-token	no		
	romanos-9-23	romanos 9:23	-	[Spanish token file not found]	-	-	diagnostic-missing-file	missing-file	Could not find data/s-tokens/romanos-9-23.txt	0.00	1	romanos-9-23:missing-s-token	no		
	romanos-9-24	romanos 9:24	-	[Spanish token file not found]	-	-	diagnostic-missing-file	missing-file	Could not find data/s-tokens/romanos-9-24.txt	0.00	1	romanos-9-24:missing-s-token	no		
	romanos-9-25	romanos 9:25	-	[Spanish token file not found]	-	-	diagnostic-missing-file	missing-file	Could not find data/s-tokens/romanos-9-25.txt	0.00	1	romanos-9-25:missing-s-token	no		
	romanos-9-26	romanos 9:26	-	[Spanish token file not found]	-	-	diagnostic-missing-file	missing-file	Could not find data/s-tokens/romanos-9-26.txt	0.00	1	romanos-9-26:missing-s-token	no		
	romanos-9-27	romanos 9:27	-	[Spanish token file not found]	-	-	diagnostic-missing-file	missing-file	Could not find data/s-tokens/romanos-9-27.txt	0.00	1	romanos-9-27:missing-s-token	no		
	romanos-9-29	romanos 9:29	-	[Spanish token file not found]	-	-	diagnostic-missing-file	missing-file	Could not find data/s-tokens/romanos-9-29.txt	0.00	1	romanos-9-29:missing-s-token	no		
	romanos-9-30	romanos 9:30	-	[Spanish token file not found]	-	-	diagnostic-missing-file	missing-file	Could not find data/s-tokens/romanos-9-30.txt	0.00	1	romanos-9-30:missing-s-token	no		
	romanos-9-31	romanos 9:31	-	[Spanish token file not found]	-	-	diagnostic-missing-file	missing-file	Could not find data/s-tokens/romanos-9-31.txt	0.00	1	romanos-9-31:missing-s-token	no		
	romanos-9-32	romanos 9:32	-	[Spanish token file not found]	-	-	diagnostic-missing-file	missing-file	Could not find data/s-tokens/romanos-9-32.txt	0.00	1	romanos-9-32:missing-s-token	no		
	romanos-9-33	romanos 9:33	-	[Spanish token file not found]	-	-	diagnostic-missing-file	missing-file	Could not find data/s-tokens/romanos-9-33.txt	0.00	1	romanos-9-33:missing-s-token	no		
	romanos-10-2	romanos 10:2	-	[Spanish token file not found]	-	-	diagnostic-missing-file	missing-file	Could not find data/s-tokens/romanos-10-2.txt	0.00	1	romanos-10-2:missing-s-token	no		
	romanos-10-3	romanos 10:3	-	[Spanish token file not found]	-	-	diagnostic-missing-file	missing-file	Could not find data/s-tokens/romanos-10-3.txt	0.00	1	romanos-10-3:missing-s-token	no		
	romanos-10-4	romanos 10:4	-	[Spanish token file not found]	-	-	diagnostic-missing-file	missing-file	Could not find data/s-tokens/romanos-10-4.txt	0.00	1	romanos-10-4:missing-s-token	no		
	romanos-10-5	romanos 10:5	-	[Spanish token file not found]	-	-	diagnostic-missing-file	missing-file	Could not find data/s-tokens/romanos-10-5.txt	0.00	1	romanos-10-5:missing-s-token	no		
	romanos-10-6	romanos 10:6	-	[Spanish token file not found]	-	-	diagnostic-missing-file	missing-file	Could not find data/s-tokens/romanos-10-6.txt	0.00	1	romanos-10-6:missing-s-token	no		
	romanos-10-7	romanos 10:7	-	[Spanish token file not found]	-	-	diagnostic-missing-file	missing-file	Could not find data/s-tokens/romanos-10-7.txt	0.00	1	romanos-10-7:missing-s-token	no		
	romanos-10-10	romanos 10:10	-	[Spanish token file not found]	-	-	diagnostic-missing-file	missing-file	Could not find data/s-tokens/romanos-10-10.txt	0.00	1	romanos-10-10:missing-s-token	no		
	romanos-10-11	romanos 10:11	-	[Spanish token file not found]	-	-	diagnostic-missing-file	missing-file	Could not find data/s-tokens/romanos-10-11.txt	0.00	1	romanos-10-11:missing-s-token	no		
	romanos-10-12	romanos 10:12	-	[Spanish token file not found]	-	-	diagnostic-missing-file	missing-file	Could not find data/s-tokens/romanos-10-12.txt	0.00	1	romanos-10-12:missing-s-token	no		
	romanos-10-13	romanos 10:13	-	[Spanish token file not found]	-	-	diagnostic-missing-file	missing-file	Could not find data/s-tokens/romanos-10-13.txt	0.00	1	romanos-10-13:missing-s-token	no		
	romanos-10-14	romanos 10:14	-	[Spanish token file not found]	-	-	diagnostic-missing-file	missing-file	Could not find data/s-tokens/romanos-10-14.txt	0.00	1	romanos-10-14:missing-s-token	no		
	romanos-10-15	romanos 10:15	-	[Spanish token file not found]	-	-	diagnostic-missing-file	missing-file	Could not find data/s-tokens/romanos-10-15.txt	0.00	1	romanos-10-15:missing-s-token	no		
	romanos-10-16	romanos 10:16	-	[Spanish token file not found]	-	-	diagnostic-missing-file	missing-file	Could not find data/s-tokens/romanos-10-16.txt	0.00	1	romanos-10-16:missing-s-token	no		
	romanos-10-17	romanos 10:17	-	[Spanish token file not found]	-	-	diagnostic-missing-file	missing-file	Could not find data/s-tokens/romanos-10-17.txt	0.00	1	romanos-10-17:missing-s-token	no		
	romanos-10-18	romanos 10:18	-	[Spanish token file not found]	-	-	diagnostic-missing-file	missing-file	Could not find data/s-tokens/romanos-10-18.txt	0.00	1	romanos-10-18:missing-s-token	no		
	romanos-10-19	romanos 10:19	-	[Spanish token file not found]	-	-	diagnostic-missing-file	missing-file	Could not find data/s-tokens/romanos-10-19.txt	0.00	1	romanos-10-19:missing-s-token	no		
	romanos-10-20	romanos 10:20	-	[Spanish token file not found]	-	-	diagnostic-missing-file	missing-file	Could not find data/s-tokens/romanos-10-20.txt	0.00	1	romanos-10-20:missing-s-token	no		
	romanos-10-21	romanos 10:21	-	[Spanish token file not found]	-	-	diagnostic-missing-file	missing-file	Could not find data/s-tokens/romanos-10-21.txt	0.00	1	romanos-10-21:missing-s-token	no		
	romanos-11-1	romanos 11:1	-	[Spanish token file not found]	-	-	diagnostic-missing-file	missing-file	Could not find data/s-tokens/romanos-11-1.txt	0.00	1	romanos-11-1:missing-s-token	no		
	romanos-11-2	romanos 11:2	-	[Spanish token file not found]	-	-	diagnostic-missing-file	missing-file	Could not find data/s-tokens/romanos-11-2.txt	0.00	1	romanos-11-2:missing-s-token	no		
	romanos-11-3	romanos 11:3	-	[Spanish token file not found]	-	-	diagnostic-missing-file	missing-file	Could not find data/s-tokens/romanos-11-3.txt	0.00	1	romanos-11-3:missing-s-token	no		
	romanos-11-4	romanos 11:4	-	[Spanish token file not found]	-	-	diagnostic-missing-file	missing-file	Could not find data/s-tokens/romanos-11-4.txt	0.00	1	romanos-11-4:missing-s-token	no		
	romanos-11-5	romanos 11:5	-	[Spanish token file not found]	-	-	diagnostic-missing-file	missing-file	Could not find data/s-tokens/romanos-11-5.txt	0.00	1	romanos-11-5:missing-s-token	no		
	romanos-11-6	romanos 11:6	-	[Spanish token file not found]	-	-	diagnostic-missing-file	missing-file	Could not find data/s-tokens/romanos-11-6.txt	0.00	1	romanos-11-6:missing-s-token	no		
	romanos-11-7	romanos 11:7	-	[Spanish token file not found]	-	-	diagnostic-missing-file	missing-file	Could not find data/s-tokens/romanos-11-7.txt	0.00	1	romanos-11-7:missing-s-token	no		
	romanos-11-8	romanos 11:8	-	[Spanish token file not found]	-	-	diagnostic-missing-file	missing-file	Could not find data/s-tokens/romanos-11-8.txt	0.00	1	romanos-11-8:missing-s-token	no		
	romanos-11-12	romanos 11:12	-	[Spanish token file not found]	-	-	diagnostic-missing-file	missing-file	Could not find data/s-tokens/romanos-11-12.txt	0.00	1	romanos-11-12:missing-s-token	no		
	romanos-11-14	romanos 11:14	-	[Spanish token file not found]	-	-	diagnostic-missing-file	missing-file	Could not find data/s-tokens/romanos-11-14.txt	0.00	1	romanos-11-14:missing-s-token	no		
	romanos-11-15	romanos 11:15	-	[Spanish token file not found]	-	-	diagnostic-missing-file	missing-file	Could not find data/s-tokens/romanos-11-15.txt	0.00	1	romanos-11-15:missing-s-token	no		
	romanos-11-16	romanos 11:16	-	[Spanish token file not found]	-	-	diagnostic-missing-file	missing-file	Could not find data/s-tokens/romanos-11-16.txt	0.00	1	romanos-11-16:missing-s-token	no		
	romanos-11-17	romanos 11:17	-	[Spanish token file not found]	-	-	diagnostic-missing-file	missing-file	Could not find data/s-tokens/romanos-11-17.txt	0.00	1	romanos-11-17:missing-s-token	no		
	romanos-11-18	romanos 11:18	-	[Spanish token file not found]	-	-	diagnostic-missing-file	missing-file	Could not find data/s-tokens/romanos-11-18.txt	0.00	1	romanos-11-18:missing-s-token	no		
	romanos-11-19	romanos 11:19	-	[Spanish token file not found]	-	-	diagnostic-missing-file	missing-file	Could not find data/s-tokens/romanos-11-19.txt	0.00	1	romanos-11-19:missing-s-token	no		
	romanos-11-20	romanos 11:20	-	[Spanish token file not found]	-	-	diagnostic-missing-file	missing-file	Could not find data/s-tokens/romanos-11-20.txt	0.00	1	romanos-11-20:missing-s-token	no		
	romanos-11-22	romanos 11:22	-	[Spanish token file not found]	-	-	diagnostic-missing-file	missing-file	Could not find data/s-tokens/romanos-11-22.txt	0.00	1	romanos-11-22:missing-s-token	no		
	romanos-11-23	romanos 11:23	-	[Spanish token file not found]	-	-	diagnostic-missing-file	missing-file	Could not find data/s-tokens/romanos-11-23.txt	0.00	1	romanos-11-23:missing-s-token	no		
	romanos-11-24	romanos 11:24	-	[Spanish token file not found]	-	-	diagnostic-missing-file	missing-file	Could not find data/s-tokens/romanos-11-24.txt	0.00	1	romanos-11-24:missing-s-token	no		
	romanos-11-25	romanos 11:25	-	[Spanish token file not found]	-	-	diagnostic-missing-file	missing-file	Could not find data/s-tokens/romanos-11-25.txt	0.00	1	romanos-11-25:missing-s-token	no		
	romanos-11-26	romanos 11:26	-	[Spanish token file not found]	-	-	diagnostic-missing-file	missing-file	Could not find data/s-tokens/romanos-11-26.txt	0.00	1	romanos-11-26:missing-s-token	no		
	romanos-11-28	romanos 11:28	-	[Spanish token file not found]	-	-	diagnostic-missing-file	missing-file	Could not find data/s-tokens/romanos-11-28.txt	0.00	1	romanos-11-28:missing-s-token	no		
	romanos-11-30	romanos 11:30	-	[Spanish token file not found]	-	-	diagnostic-missing-file	missing-file	Could not find data/s-tokens/romanos-11-30.txt	0.00	1	romanos-11-30:missing-s-token	no		
	romanos-11-31	romanos 11:31	-	[Spanish token file not found]	-	-	diagnostic-missing-file	missing-file	Could not find data/s-tokens/romanos-11-31.txt	0.00	1	romanos-11-31:missing-s-token	no		
	romanos-11-33	romanos 11:33	-	[Spanish token file not found]	-	-	diagnostic-missing-file	missing-file	Could not find data/s-tokens/romanos-11-33.txt	0.00	1	romanos-11-33:missing-s-token	no		
	romanos-11-34	romanos 11:34	-	[Spanish token file not found]	-	-	diagnostic-missing-file	missing-file	Could not find data/s-tokens/romanos-11-34.txt	0.00	1	romanos-11-34:missing-s-token	no		
	romanos-11-35	romanos 11:35	-	[Spanish token file not found]	-	-	diagnostic-missing-file	missing-file	Could not find data/s-tokens/romanos-11-35.txt	0.00	1	romanos-11-35:missing-s-token	no		
	romanos-11-36	romanos 11:36	-	[Spanish token file not found]	-	-	diagnostic-missing-file	missing-file	Could not find data/s-tokens/romanos-11-36.txt	0.00	1	romanos-11-36:missing-s-token	no		
	romanos-12-1	romanos 12:1	-	[Spanish token file not found]	-	-	diagnostic-missing-file	missing-file	Could not find data/s-tokens/romanos-12-1.txt	0.00	1	romanos-12-1:missing-s-token	no		
	romanos-12-3	romanos 12:3	-	[Spanish token file not found]	-	-	diagnostic-missing-file	missing-file	Could not find data/s-tokens/romanos-12-3.txt	0.00	1	romanos-12-3:missing-s-token	no		
	romanos-12-4	romanos 12:4	-	[Spanish token file not found]	-	-	diagnostic-missing-file	missing-file	Could not find data/s-tokens/romanos-12-4.txt	0.00	1	romanos-12-4:missing-s-token	no		
	romanos-12-5	romanos 12:5	-	[Spanish token file not found]	-	-	diagnostic-missing-file	missing-file	Could not find data/s-tokens/romanos-12-5.txt	0.00	1	romanos-12-5:missing-s-token	no		
	romanos-12-6	romanos 12:6	-	[Spanish token file not found]	-	-	diagnostic-missing-file	missing-file	Could not find data/s-tokens/romanos-12-6.txt	0.00	1	romanos-12-6:missing-s-token	no		
	romanos-12-7	romanos 12:7	-	[Spanish token file not found]	-	-	diagnostic-missing-file	missing-file	Could not find data/s-tokens/romanos-12-7.txt	0.00	1	romanos-12-7:missing-s-token	no		
	romanos-12-9	romanos 12:9	-	[Spanish token file not found]	-	-	diagnostic-missing-file	missing-file	Could not find data/s-tokens/romanos-12-9.txt	0.00	1	romanos-12-9:missing-s-token	no		
	romanos-12-11	romanos 12:11	-	[Spanish token file not found]	-	-	diagnostic-missing-file	missing-file	Could not find data/s-tokens/romanos-12-11.txt	0.00	1	romanos-12-11:missing-s-token	no		
	romanos-12-12	romanos 12:12	-	[Spanish token file not found]	-	-	diagnostic-missing-file	missing-file	Could not find data/s-tokens/romanos-12-12.txt	0.00	1	romanos-12-12:missing-s-token	no		
	romanos-12-13	romanos 12:13	-	[Spanish token file not found]	-	-	diagnostic-missing-file	missing-file	Could not find data/s-tokens/romanos-12-13.txt	0.00	1	romanos-12-13:missing-s-token	no		
	romanos-12-14	romanos 12:14	-	[Spanish token file not found]	-	-	diagnostic-missing-file	missing-file	Could not find data/s-tokens/romanos-12-14.txt	0.00	1	romanos-12-14:missing-s-token	no		
	romanos-12-15	romanos 12:15	-	[Spanish token file not found]	-	-	diagnostic-missing-file	missing-file	Could not find data/s-tokens/romanos-12-15.txt	0.00	1	romanos-12-15:missing-s-token	no		
	romanos-12-16	romanos 12:16	-	[Spanish token file not found]	-	-	diagnostic-missing-file	missing-file	Could not find data/s-tokens/romanos-12-16.txt	0.00	1	romanos-12-16:missing-s-token	no		
	romanos-12-17	romanos 12:17	-	[Spanish token file not found]	-	-	diagnostic-missing-file	missing-file	Could not find data/s-tokens/romanos-12-17.txt	0.00	1	romanos-12-17:missing-s-token	no		
	romanos-12-18	romanos 12:18	-	[Spanish token file not found]	-	-	diagnostic-missing-file	missing-file	Could not find data/s-tokens/romanos-12-18.txt	0.00	1	romanos-12-18:missing-s-token	no		
	romanos-12-19	romanos 12:19	-	[Spanish token file not found]	-	-	diagnostic-missing-file	missing-file	Could not find data/s-tokens/romanos-12-19.txt	0.00	1	romanos-12-19:missing-s-token	no		
	romanos-12-20	romanos 12:20	-	[Spanish token file not found]	-	-	diagnostic-missing-file	missing-file	Could not find data/s-tokens/romanos-12-20.txt	0.00	1	romanos-12-20:missing-s-token	no		
	romanos-13-1	romanos 13:1	-	[Spanish token file not found]	-	-	diagnostic-missing-file	missing-file	Could not find data/s-tokens/romanos-13-1.txt	0.00	1	romanos-13-1:missing-s-token	no		
	romanos-13-2	romanos 13:2	-	[Spanish token file not found]	-	-	diagnostic-missing-file	missing-file	Could not find data/s-tokens/romanos-13-2.txt	0.00	1	romanos-13-2:missing-s-token	no		
	romanos-13-3	romanos 13:3	-	[Spanish token file not found]	-	-	diagnostic-missing-file	missing-file	Could not find data/s-tokens/romanos-13-3.txt	0.00	1	romanos-13-3:missing-s-token	no		
	romanos-13-4	romanos 13:4	-	[Spanish token file not found]	-	-	diagnostic-missing-file	missing-file	Could not find data/s-tokens/romanos-13-4.txt	0.00	1	romanos-13-4:missing-s-token	no		
	romanos-13-5	romanos 13:5	-	[Spanish token file not found]	-	-	diagnostic-missing-file	missing-file	Could not find data/s-tokens/romanos-13-5.txt	0.00	1	romanos-13-5:missing-s-token	no		
	romanos-13-8	romanos 13:8	-	[Spanish token file not found]	-	-	diagnostic-missing-file	missing-file	Could not find data/s-tokens/romanos-13-8.txt	0.00	1	romanos-13-8:missing-s-token	no		
	romanos-13-10	romanos 13:10	-	[Spanish token file not found]	-	-	diagnostic-missing-file	missing-file	Could not find data/s-tokens/romanos-13-10.txt	0.00	1	romanos-13-10:missing-s-token	no		
	romanos-13-11	romanos 13:11	-	[Spanish token file not found]	-	-	diagnostic-missing-file	missing-file	Could not find data/s-tokens/romanos-13-11.txt	0.00	1	romanos-13-11:missing-s-token	no		
	romanos-13-12	romanos 13:12	-	[Spanish token file not found]	-	-	diagnostic-missing-file	missing-file	Could not find data/s-tokens/romanos-13-12.txt	0.00	1	romanos-13-12:missing-s-token	no		
	romanos-13-13	romanos 13:13	-	[Spanish token file not found]	-	-	diagnostic-missing-file	missing-file	Could not find data/s-tokens/romanos-13-13.txt	0.00	1	romanos-13-13:missing-s-token	no		
	romanos-13-14	romanos 13:14	-	[Spanish token file not found]	-	-	diagnostic-missing-file	missing-file	Could not find data/s-tokens/romanos-13-14.txt	0.00	1	romanos-13-14:missing-s-token	no		
	romanos-14-1	romanos 14:1	-	[Spanish token file not found]	-	-	diagnostic-missing-file	missing-file	Could not find data/s-tokens/romanos-14-1.txt	0.00	1	romanos-14-1:missing-s-token	no		
	romanos-14-2	romanos 14:2	-	[Spanish token file not found]	-	-	diagnostic-missing-file	missing-file	Could not find data/s-tokens/romanos-14-2.txt	0.00	1	romanos-14-2:missing-s-token	no		
	romanos-14-3	romanos 14:3	-	[Spanish token file not found]	-	-	diagnostic-missing-file	missing-file	Could not find data/s-tokens/romanos-14-3.txt	0.00	1	romanos-14-3:missing-s-token	no		
	romanos-14-4	romanos 14:4	-	[Spanish token file not found]	-	-	diagnostic-missing-file	missing-file	Could not find data/s-tokens/romanos-14-4.txt	0.00	1	romanos-14-4:missing-s-token	no		
	romanos-14-5	romanos 14:5	-	[Spanish token file not found]	-	-	diagnostic-missing-file	missing-file	Could not find data/s-tokens/romanos-14-5.txt	0.00	1	romanos-14-5:missing-s-token	no		
	romanos-14-6	romanos 14:6	-	[Spanish token file not found]	-	-	diagnostic-missing-file	missing-file	Could not find data/s-tokens/romanos-14-6.txt	0.00	1	romanos-14-6:missing-s-token	no		
	romanos-14-7	romanos 14:7	-	[Spanish token file not found]	-	-	diagnostic-missing-file	missing-file	Could not find data/s-tokens/romanos-14-7.txt	0.00	1	romanos-14-7:missing-s-token	no		
	romanos-14-10	romanos 14:10	-	[Spanish token file not found]	-	-	diagnostic-missing-file	missing-file	Could not find data/s-tokens/romanos-14-10.txt	0.00	1	romanos-14-10:missing-s-token	no		
	romanos-14-11	romanos 14:11	-	[Spanish token file not found]	-	-	diagnostic-missing-file	missing-file	Could not find data/s-tokens/romanos-14-11.txt	0.00	1	romanos-14-11:missing-s-token	no		
	romanos-14-12	romanos 14:12	-	[Spanish token file not found]	-	-	diagnostic-missing-file	missing-file	Could not find data/s-tokens/romanos-14-12.txt	0.00	1	romanos-14-12:missing-s-token	no		
	romanos-14-13	romanos 14:13	-	[Spanish token file not found]	-	-	diagnostic-missing-file	missing-file	Could not find data/s-tokens/romanos-14-13.txt	0.00	1	romanos-14-13:missing-s-token	no		
	romanos-14-14	romanos 14:14	-	[Spanish token file not found]	-	-	diagnostic-missing-file	missing-file	Could not find data/s-tokens/romanos-14-14.txt	0.00	1	romanos-14-14:missing-s-token	no		
	romanos-14-15	romanos 14:15	-	[Spanish token file not found]	-	-	diagnostic-missing-file	missing-file	Could not find data/s-tokens/romanos-14-15.txt	0.00	1	romanos-14-15:missing-s-token	no		
	romanos-14-16	romanos 14:16	-	[Spanish token file not found]	-	-	diagnostic-missing-file	missing-file	Could not find data/s-tokens/romanos-14-16.txt	0.00	1	romanos-14-16:missing-s-token	no		
	romanos-14-17	romanos 14:17	-	[Spanish token file not found]	-	-	diagnostic-missing-file	missing-file	Could not find data/s-tokens/romanos-14-17.txt	0.00	1	romanos-14-17:missing-s-token	no		
	romanos-14-18	romanos 14:18	-	[Spanish token file not found]	-	-	diagnostic-missing-file	missing-file	Could not find data/s-tokens/romanos-14-18.txt	0.00	1	romanos-14-18:missing-s-token	no		
	romanos-14-20	romanos 14:20	-	[Spanish token file not found]	-	-	diagnostic-missing-file	missing-file	Could not find data/s-tokens/romanos-14-20.txt	0.00	1	romanos-14-20:missing-s-token	no		
	romanos-14-22	romanos 14:22	-	[Spanish token file not found]	-	-	diagnostic-missing-file	missing-file	Could not find data/s-tokens/romanos-14-22.txt	0.00	1	romanos-14-22:missing-s-token	no		
	romanos-14-23	romanos 14:23	-	[Spanish token file not found]	-	-	diagnostic-missing-file	missing-file	Could not find data/s-tokens/romanos-14-23.txt	0.00	1	romanos-14-23:missing-s-token	no		
	romanos-15-1	romanos 15:1	-	[Spanish token file not found]	-	-	diagnostic-missing-file	missing-file	Could not find data/s-tokens/romanos-15-1.txt	0.00	1	romanos-15-1:missing-s-token	no		
	romanos-15-2	romanos 15:2	-	[Spanish token file not found]	-	-	diagnostic-missing-file	missing-file	Could not find data/s-tokens/romanos-15-2.txt	0.00	1	romanos-15-2:missing-s-token	no		
	romanos-15-3	romanos 15:3	-	[Spanish token file not found]	-	-	diagnostic-missing-file	missing-file	Could not find data/s-tokens/romanos-15-3.txt	0.00	1	romanos-15-3:missing-s-token	no		
	romanos-15-4	romanos 15:4	-	[Spanish token file not found]	-	-	diagnostic-missing-file	missing-file	Could not find data/s-tokens/romanos-15-4.txt	0.00	1	romanos-15-4:missing-s-token	no		
	romanos-15-5	romanos 15:5	-	[Spanish token file not found]	-	-	diagnostic-missing-file	missing-file	Could not find data/s-tokens/romanos-15-5.txt	0.00	1	romanos-15-5:missing-s-token	no		
	romanos-15-7	romanos 15:7	-	[Spanish token file not found]	-	-	diagnostic-missing-file	missing-file	Could not find data/s-tokens/romanos-15-7.txt	0.00	1	romanos-15-7:missing-s-token	no		
	romanos-15-8	romanos 15:8	-	[Spanish token file not found]	-	-	diagnostic-missing-file	missing-file	Could not find data/s-tokens/romanos-15-8.txt	0.00	1	romanos-15-8:missing-s-token	no		
	romanos-15-9	romanos 15:9	-	[Spanish token file not found]	-	-	diagnostic-missing-file	missing-file	Could not find data/s-tokens/romanos-15-9.txt	0.00	1	romanos-15-9:missing-s-token	no		
	romanos-15-12	romanos 15:12	-	[Spanish token file not found]	-	-	diagnostic-missing-file	missing-file	Could not find data/s-tokens/romanos-15-12.txt	0.00	1	romanos-15-12:missing-s-token	no		
	romanos-15-13	romanos 15:13	-	[Spanish token file not found]	-	-	diagnostic-missing-file	missing-file	Could not find data/s-tokens/romanos-15-13.txt	0.00	1	romanos-15-13:missing-s-token	no		
	romanos-15-14	romanos 15:14	-	[Spanish token file not found]	-	-	diagnostic-missing-file	missing-file	Could not find data/s-tokens/romanos-15-14.txt	0.00	1	romanos-15-14:missing-s-token	no		
	romanos-15-15	romanos 15:15	-	[Spanish token file not found]	-	-	diagnostic-missing-file	missing-file	Could not find data/s-tokens/romanos-15-15.txt	0.00	1	romanos-15-15:missing-s-token	no		
	romanos-15-16	romanos 15:16	-	[Spanish token file not found]	-	-	diagnostic-missing-file	missing-file	Could not find data/s-tokens/romanos-15-16.txt	0.00	1	romanos-15-16:missing-s-token	no		
	romanos-15-17	romanos 15:17	-	[Spanish token file not found]	-	-	diagnostic-missing-file	missing-file	Could not find data/s-tokens/romanos-15-17.txt	0.00	1	romanos-15-17:missing-s-token	no		
	romanos-15-18	romanos 15:18	-	[Spanish token file not found]	-	-	diagnostic-missing-file	missing-file	Could not find data/s-tokens/romanos-15-18.txt	0.00	1	romanos-15-18:missing-s-token	no		
	romanos-15-19	romanos 15:19	-	[Spanish token file not found]	-	-	diagnostic-missing-file	missing-file	Could not find data/s-tokens/romanos-15-19.txt	0.00	1	romanos-15-19:missing-s-token	no		
	romanos-15-20	romanos 15:20	-	[Spanish token file not found]	-	-	diagnostic-missing-file	missing-file	Could not find data/s-tokens/romanos-15-20.txt	0.00	1	romanos-15-20:missing-s-token	no		
	romanos-15-21	romanos 15:21	-	[Spanish token file not found]	-	-	diagnostic-missing-file	missing-file	Could not find data/s-tokens/romanos-15-21.txt	0.00	1	romanos-15-21:missing-s-token	no		
	romanos-15-22	romanos 15:22	-	[Spanish token file not found]	-	-	diagnostic-missing-file	missing-file	Could not find data/s-tokens/romanos-15-22.txt	0.00	1	romanos-15-22:missing-s-token	no		
	romanos-15-23	romanos 15:23	-	[Spanish token file not found]	-	-	diagnostic-missing-file	missing-file	Could not find data/s-tokens/romanos-15-23.txt	0.00	1	romanos-15-23:missing-s-token	no		
	romanos-15-24	romanos 15:24	-	[Spanish token file not found]	-	-	diagnostic-missing-file	missing-file	Could not find data/s-tokens/romanos-15-24.txt	0.00	1	romanos-15-24:missing-s-token	no		
	romanos-15-25	romanos 15:25	-	[Spanish token file not found]	-	-	diagnostic-missing-file	missing-file	Could not find data/s-tokens/romanos-15-25.txt	0.00	1	romanos-15-25:missing-s-token	no		
	romanos-15-26	romanos 15:26	-	[Spanish token file not found]	-	-	diagnostic-missing-file	missing-file	Could not find data/s-tokens/romanos-15-26.txt	0.00	1	romanos-15-26:missing-s-token	no		
	romanos-15-27	romanos 15:27	-	[Spanish token file not found]	-	-	diagnostic-missing-file	missing-file	Could not find data/s-tokens/romanos-15-27.txt	0.00	1	romanos-15-27:missing-s-token	no		
	romanos-15-28	romanos 15:28	-	[Spanish token file not found]	-	-	diagnostic-missing-file	missing-file	Could not find data/s-tokens/romanos-15-28.txt	0.00	1	romanos-15-28:missing-s-token	no		
	romanos-15-29	romanos 15:29	-	[Spanish token file not found]	-	-	diagnostic-missing-file	missing-file	Could not find data/s-tokens/romanos-15-29.txt	0.00	1	romanos-15-29:missing-s-token	no		
	romanos-15-32	romanos 15:32	-	[Spanish token file not found]	-	-	diagnostic-missing-file	missing-file	Could not find data/s-tokens/romanos-15-32.txt	0.00	1	romanos-15-32:missing-s-token	no		
	romanos-16-1	romanos 16:1	-	[Spanish token file not found]	-	-	diagnostic-missing-file	missing-file	Could not find data/s-tokens/romanos-16-1.txt	0.00	1	romanos-16-1:missing-s-token	no		
	romanos-16-2	romanos 16:2	-	[Spanish token file not found]	-	-	diagnostic-missing-file	missing-file	Could not find data/s-tokens/romanos-16-2.txt	0.00	1	romanos-16-2:missing-s-token	no		
	romanos-16-5	romanos 16:5	-	[Spanish token file not found]	-	-	diagnostic-missing-file	missing-file	Could not find data/s-tokens/romanos-16-5.txt	0.00	1	romanos-16-5:missing-s-token	no		
	romanos-16-6	romanos 16:6	-	[Spanish token file not found]	-	-	diagnostic-missing-file	missing-file	Could not find data/s-tokens/romanos-16-6.txt	0.00	1	romanos-16-6:missing-s-token	no		
	romanos-16-10	romanos 16:10	-	[Spanish token file not found]	-	-	diagnostic-missing-file	missing-file	Could not find data/s-tokens/romanos-16-10.txt	0.00	1	romanos-16-10:missing-s-token	no		
	romanos-16-14	romanos 16:14	-	[Spanish token file not found]	-	-	diagnostic-missing-file	missing-file	Could not find data/s-tokens/romanos-16-14.txt	0.00	1	romanos-16-14:missing-s-token	no		
	romanos-16-15	romanos 16:15	-	[Spanish token file not found]	-	-	diagnostic-missing-file	missing-file	Could not find data/s-tokens/romanos-16-15.txt	0.00	1	romanos-16-15:missing-s-token	no		
	romanos-16-16	romanos 16:16	-	[Spanish token file not found]	-	-	diagnostic-missing-file	missing-file	Could not find data/s-tokens/romanos-16-16.txt	0.00	1	romanos-16-16:missing-s-token	no		
	romanos-16-18	romanos 16:18	-	[Spanish token file not found]	-	-	diagnostic-missing-file	missing-file	Could not find data/s-tokens/romanos-16-18.txt	0.00	1	romanos-16-18:missing-s-token	no		
	romanos-16-19	romanos 16:19	-	[Spanish token file not found]	-	-	diagnostic-missing-file	missing-file	Could not find data/s-tokens/romanos-16-19.txt	0.00	1	romanos-16-19:missing-s-token	no		
	romanos-16-21	romanos 16:21	-	[Spanish token file not found]	-	-	diagnostic-missing-file	missing-file	Could not find data/s-tokens/romanos-16-21.txt	0.00	1	romanos-16-21:missing-s-token	no		
	romanos-16-22	romanos 16:22	-	[Spanish token file not found]	-	-	diagnostic-missing-file	missing-file	Could not find data/s-tokens/romanos-16-22.txt	0.00	1	romanos-16-22:missing-s-token	no		
	romanos-16-23	romanos 16:23	-	[Spanish token file not found]	-	-	diagnostic-missing-file	missing-file	Could not find data/s-tokens/romanos-16-23.txt	0.00	1	romanos-16-23:missing-s-token	no		
