diagnostic_type	name	value	count	total	details
field_volatility	field_state_switch_rate	0.4808	489	1017	"{""recovering"": 79, ""stable"": 559, ""transitioning"": 175, ""unstable"": 205}"
oscillation_detection	stable_unstable_flip_rate	0.3746	381	1017	"{""stable_like"": [""extended"", ""recovering"", ""stable""], ""unstable_like"": [""transitioning"", ""unstable""]}"
pressure_inflation	window_1	52	52	0	"{""end_ref"": ""1:12"", ""movement_band"": ""transition_cluster"", ""persistence_total"": 4, ""start_ref"": ""1:4"", ""threshold"": 23.0367, ""transition_total"": 56}"
pressure_inflation	window_2	28	28	0	"{""end_ref"": ""1:16"", ""movement_band"": ""transition_cluster"", ""persistence_total"": 16, ""start_ref"": ""1:12"", ""threshold"": 23.0367, ""transition_total"": 44}"
pressure_inflation	window_16	54	54	0	"{""end_ref"": ""4:19"", ""movement_band"": ""transition_cluster"", ""persistence_total"": 6, ""start_ref"": ""4:15"", ""threshold"": 23.0367, ""transition_total"": 60}"
pressure_inflation	window_17	46	46	0	"{""end_ref"": ""5:7"", ""movement_band"": ""transition_cluster"", ""persistence_total"": 10, ""start_ref"": ""4:21"", ""threshold"": 23.0367, ""transition_total"": 56}"
pressure_inflation	window_18	60	60	0	"{""end_ref"": ""6:2"", ""movement_band"": ""transition_cluster"", ""persistence_total"": 3, ""start_ref"": ""5:7"", ""threshold"": 23.0367, ""transition_total"": 63}"
pressure_inflation	window_42	32	32	0	"{""end_ref"": ""10:10"", ""movement_band"": ""transition_cluster"", ""persistence_total"": 12, ""start_ref"": ""10:6"", ""threshold"": 23.0367, ""transition_total"": 44}"
pressure_inflation	window_44	59	59	0	"{""end_ref"": ""10:19"", ""movement_band"": ""transition_cluster"", ""persistence_total"": 3, ""start_ref"": ""10:15"", ""threshold"": 23.0367, ""transition_total"": 62}"
pressure_inflation	window_46	24	24	0	"{""end_ref"": ""10:30"", ""movement_band"": ""transition_cluster"", ""persistence_total"": 18, ""start_ref"": ""10:23"", ""threshold"": 23.0367, ""transition_total"": 42}"
pressure_inflation	window_77	33	33	0	"{""end_ref"": ""15:35"", ""movement_band"": ""transition_cluster"", ""persistence_total"": 13, ""start_ref"": ""15:32"", ""threshold"": 23.0367, ""transition_total"": 46}"
pressure_inflation	window_81	46	46	0	"{""end_ref"": ""16:3"", ""movement_band"": ""transition_cluster"", ""persistence_total"": 9, ""start_ref"": ""15:54"", ""threshold"": 23.0367, ""transition_total"": 55}"
pressure_inflation	window_83	24	24	0	"{""end_ref"": ""16:12"", ""movement_band"": ""transition_cluster"", ""persistence_total"": 18, ""start_ref"": ""16:7"", ""threshold"": 23.0367, ""transition_total"": 42}"
pressure_inflation	window_85	30	30	0	"{""end_ref"": ""16:22"", ""movement_band"": ""transition_cluster"", ""persistence_total"": 6, ""start_ref"": ""16:17"", ""threshold"": 23.0367, ""transition_total"": 36}"
label_dependence	window_10	0.7059	0	0	"{""dominant_tendency"": ""EXPONE"", ""end_ref"": ""3:15"", ""label_counts"": {""ACLARA"": 1, ""CONDICIÓN"": 3, ""EXPONE"": 12, ""RAZÓN"": 1}, ""movement_band"": ""extended_stable_field"", ""start_ref"": ""3:11""}"
label_dependence	window_15	0.7143	0	0	"{""dominant_tendency"": ""EXPONE"", ""end_ref"": ""4:14"", ""label_counts"": {""ACLARA"": 3, ""EXPONE"": 10, ""RAZÓN"": 1}, ""movement_band"": ""extended_stable_field"", ""start_ref"": ""4:9""}"
label_dependence	window_16	0.7143	0	0	"{""dominant_tendency"": ""ACLARA"", ""end_ref"": ""4:19"", ""label_counts"": {""ACLARA"": 10, ""CONDICIÓN"": 2, ""EXPONE"": 2}, ""movement_band"": ""transition_cluster"", ""start_ref"": ""4:15""}"
label_dependence	window_18	0.7333	0	0	"{""dominant_tendency"": ""ACLARA"", ""end_ref"": ""6:2"", ""label_counts"": {""ACLARA"": 11, ""CONDICIÓN"": 1, ""EXPONE"": 1, ""PROPÓSITO"": 1, ""RESULTADO"": 1}, ""movement_band"": ""transition_cluster"", ""start_ref"": ""5:7""}"
label_dependence	window_23	0.7143	0	0	"{""dominant_tendency"": ""EXPONE"", ""end_ref"": ""7:5"", ""label_counts"": {""ACLARA"": 2, ""CONDICIÓN"": 1, ""EXPONE"": 10, ""PROPÓSITO"": 1}, ""movement_band"": ""extended_stable_field"", ""start_ref"": ""6:19""}"
label_dependence	window_25	0.7143	0	0	"{""dominant_tendency"": ""EXPONE"", ""end_ref"": ""7:14"", ""label_counts"": {""ACLARA"": 2, ""CONDICIÓN"": 2, ""EXPONE"": 10}, ""movement_band"": ""extended_stable_field"", ""start_ref"": ""7:11""}"
label_dependence	window_42	0.7333	0	0	"{""dominant_tendency"": ""ACLARA"", ""end_ref"": ""10:10"", ""label_counts"": {""ACLARA"": 11, ""EXPONE"": 4}, ""movement_band"": ""transition_cluster"", ""start_ref"": ""10:6""}"
label_dependence	window_44	0.8571	0	0	"{""dominant_tendency"": ""ACLARA"", ""end_ref"": ""10:19"", ""label_counts"": {""ACLARA"": 12, ""EXPONE"": 1, ""RAZÓN"": 1}, ""movement_band"": ""transition_cluster"", ""start_ref"": ""10:15""}"
label_dependence	window_51	0.7143	0	0	"{""dominant_tendency"": ""EXPONE"", ""end_ref"": ""11:24"", ""label_counts"": {""ACLARA"": 3, ""EXPONE"": 10, ""RAZÓN"": 1}, ""movement_band"": ""extended_stable_field"", ""start_ref"": ""11:22""}"
label_dependence	window_59	0.7857	0	0	"{""dominant_tendency"": ""EXPONE"", ""end_ref"": ""13:5"", ""label_counts"": {""ACLARA"": 1, ""CONDICIÓN"": 1, ""EXPONE"": 11, ""RESULTADO"": 1}, ""movement_band"": ""extended_stable_field"", ""start_ref"": ""13:2""}"
label_dependence	window_60	0.75	0	0	"{""dominant_tendency"": ""EXPONE"", ""end_ref"": ""13:9"", ""label_counts"": {""ACLARA"": 3, ""EXPONE"": 9}, ""movement_band"": ""extended_stable_field"", ""start_ref"": ""13:5""}"
label_dependence	window_79	0.7857	0	0	"{""dominant_tendency"": ""EXPONE"", ""end_ref"": ""15:49"", ""label_counts"": {""ACLARA"": 2, ""CONDICIÓN"": 1, ""EXPONE"": 11}, ""movement_band"": ""extended_stable_field"", ""start_ref"": ""15:43""}"
flat_region_detection	window_6	32	6	3	"{""dominant_field"": ""stable"", ""dominant_tendency"": ""EXPONE"", ""end_ref"": ""2:13"", ""movement_band"": ""extended_stable_field"", ""start_ref"": ""2:9""}"
flat_region_detection	window_10	36	0	0	"{""dominant_field"": ""stable"", ""dominant_tendency"": ""EXPONE"", ""end_ref"": ""3:15"", ""movement_band"": ""extended_stable_field"", ""start_ref"": ""3:11""}"
flat_region_detection	window_15	32	6	3	"{""dominant_field"": ""stable"", ""dominant_tendency"": ""EXPONE"", ""end_ref"": ""4:14"", ""movement_band"": ""extended_stable_field"", ""start_ref"": ""4:9""}"
flat_region_detection	window_23	34	8	4	"{""dominant_field"": ""stable"", ""dominant_tendency"": ""EXPONE"", ""end_ref"": ""7:5"", ""movement_band"": ""extended_stable_field"", ""start_ref"": ""6:19""}"
flat_region_detection	window_25	34	8	4	"{""dominant_field"": ""stable"", ""dominant_tendency"": ""EXPONE"", ""end_ref"": ""7:14"", ""movement_band"": ""extended_stable_field"", ""start_ref"": ""7:11""}"
flat_region_detection	window_31	30	5	2	"{""dominant_field"": ""stable"", ""dominant_tendency"": ""EXPONE"", ""end_ref"": ""7:38"", ""movement_band"": ""extended_stable_field"", ""start_ref"": ""7:36""}"
flat_region_detection	window_39	35	4	2	"{""dominant_field"": ""stable"", ""dominant_tendency"": ""EXPONE"", ""end_ref"": ""9:23"", ""movement_band"": ""extended_stable_field"", ""start_ref"": ""9:18""}"
flat_region_detection	window_41	29	8	4	"{""dominant_field"": ""stable"", ""dominant_tendency"": ""EXPONE"", ""end_ref"": ""10:6"", ""movement_band"": ""extended_stable_field"", ""start_ref"": ""9:27""}"
flat_region_detection	window_49	34	8	4	"{""dominant_field"": ""stable"", ""dominant_tendency"": ""EXPONE"", ""end_ref"": ""11:16"", ""movement_band"": ""extended_stable_field"", ""start_ref"": ""11:8""}"
flat_region_detection	window_51	34	8	4	"{""dominant_field"": ""stable"", ""dominant_tendency"": ""EXPONE"", ""end_ref"": ""11:24"", ""movement_band"": ""extended_stable_field"", ""start_ref"": ""11:22""}"
flat_region_detection	window_59	35	5	2	"{""dominant_field"": ""stable"", ""dominant_tendency"": ""EXPONE"", ""end_ref"": ""13:5"", ""movement_band"": ""extended_stable_field"", ""start_ref"": ""13:2""}"
flat_region_detection	window_60	29	8	4	"{""dominant_field"": ""stable"", ""dominant_tendency"": ""EXPONE"", ""end_ref"": ""13:9"", ""movement_band"": ""extended_stable_field"", ""start_ref"": ""13:5""}"
flat_region_detection	window_68	34	8	4	"{""dominant_field"": ""stable"", ""dominant_tendency"": ""EXPONE"", ""end_ref"": ""14:28"", ""movement_band"": ""extended_stable_field"", ""start_ref"": ""14:26""}"
flat_region_detection	window_76	29	8	4	"{""dominant_field"": ""stable"", ""dominant_tendency"": ""EXPONE"", ""end_ref"": ""15:32"", ""movement_band"": ""extended_stable_field"", ""start_ref"": ""15:27""}"
flat_region_detection	window_79	33	6	4	"{""dominant_field"": ""stable"", ""dominant_tendency"": ""EXPONE"", ""end_ref"": ""15:49"", ""movement_band"": ""extended_stable_field"", ""start_ref"": ""15:43""}"
window_sensitivity	extended_stable_field	1.0088	23	22	"{""counts"": [8, 23, 30, 31, 22], ""window_sizes"": [8, 10, 12, 14, 16]}"
window_sensitivity	mixed_continuity	2.8529	97	34	"{""counts"": [97, 51, 20, 2, 0], ""window_sizes"": [8, 10, 12, 14, 16]}"
window_sensitivity	movement_accumulation	1.3725	14	10	"{""counts"": [3, 6, 11, 14, 17], ""window_sizes"": [8, 10, 12, 14, 16]}"
window_sensitivity	recovery_field	0.7143	1	1	"{""counts"": [1, 2, 2, 1, 1], ""window_sizes"": [8, 10, 12, 14, 16]}"
window_sensitivity	transition_cluster	0.2727	6	22	"{""counts"": [19, 20, 22, 25, 24], ""window_sizes"": [8, 10, 12, 14, 16]}"
overlap_stability	extended_stable_field	0.0625	2	32	"{""base_count"": 30, ""offset"": 6, ""shifted_count"": 32, ""window_size"": 12}"
overlap_stability	mixed_continuity	0.0476	1	21	"{""base_count"": 20, ""offset"": 6, ""shifted_count"": 21, ""window_size"": 12}"
overlap_stability	movement_accumulation	0.0909	1	11	"{""base_count"": 11, ""offset"": 6, ""shifted_count"": 10, ""window_size"": 12}"
overlap_stability	recovery_field	0.5	1	2	"{""base_count"": 2, ""offset"": 6, ""shifted_count"": 1, ""window_size"": 12}"
overlap_stability	transition_cluster	0.0455	1	22	"{""base_count"": 22, ""offset"": 6, ""shifted_count"": 21, ""window_size"": 12}"
