movement_window_id	book	window_index	start_ref	end_ref	start_stream_index	end_stream_index	predication_count	movement_band	dominant_field	dominant_tendency	state_counts	label_counts	persistence_total	transition_total	extension_total	weakening_total
MW00001	1corintios	1	1:4	1:12	1	12	12	transition_cluster	unstable	ACLARA	"{""recovering"": 2, ""stable"": 1, ""unstable"": 9}"	"{""ACLARA"": 11, ""EXPONE"": 2, ""PROPÓSITO"": 1, ""RAZÓN"": 2}"	4	56	3	37
MW00002	1corintios	2	1:12	1:16	13	24	12	transition_cluster	unstable	ACLARA	"{""stable"": 4, ""transitioning"": 2, ""unstable"": 6}"	"{""ACLARA"": 8, ""EXPONE"": 4, ""PROPÓSITO"": 1, ""RAZÓN"": 3}"	16	44	10	28
MW00003	1corintios	3	1:17	1:22	25	36	12	extended_stable_field	stable	EXPONE	"{""recovering"": 1, ""stable"": 8, ""transitioning"": 3}"	"{""ACLARA"": 4, ""CONDICIÓN"": 1, ""EXPONE"": 8, ""PROPÓSITO"": 1}"	30	14	20	7
MW00004	1corintios	4	1:23	1:30	37	48	12	movement_accumulation	stable	ACLARA	"{""stable"": 6, ""transitioning"": 4, ""unstable"": 2}"	"{""ACLARA"": 6, ""EXPONE"": 6, ""PROPÓSITO"": 3, ""RAZÓN"": 1}"	26	28	16	16
MW00005	1corintios	5	1:31	2:8	49	60	12	mixed_continuity	stable	EXPONE	"{""recovering"": 1, ""stable"": 7, ""transitioning"": 3, ""unstable"": 1}"	"{""ACLARA"": 6, ""CONDICIÓN"": 1, ""EXPONE"": 7, ""PROPÓSITO"": 2}"	27	20	18	11
MW00006	1corintios	6	2:9	2:13	61	72	12	extended_stable_field	stable	EXPONE	"{""recovering"": 1, ""stable"": 10, ""transitioning"": 1}"	"{""ACLARA"": 3, ""CONDICIÓN"": 1, ""EXPONE"": 10, ""PROPÓSITO"": 1}"	32	6	22	3
MW00007	1corintios	7	2:14	3:2	73	84	12	extended_stable_field	stable	EXPONE	"{""recovering"": 1, ""stable"": 8, ""transitioning"": 2, ""unstable"": 1}"	"{""ACLARA"": 5, ""EXPONE"": 8, ""RAZÓN"": 1}"	28	16	18	9
MW00008	1corintios	8	3:2	3:6	85	96	12	transition_cluster	unstable	ACLARA	"{""stable"": 5, ""transitioning"": 1, ""unstable"": 6}"	"{""ACLARA"": 7, ""EXPONE"": 5}"	17	40	11	26
MW00009	1corintios	9	3:6	3:11	97	108	12	mixed_continuity	stable	ACLARA	"{""recovering"": 2, ""stable"": 5, ""transitioning"": 3, ""unstable"": 2}"	"{""ACLARA"": 7, ""EXPONE"": 5, ""RESULTADO"": 1}"	21	29	13	16
MW00010	1corintios	10	3:11	3:15	109	120	12	extended_stable_field	stable	EXPONE	"{""stable"": 12}"	"{""ACLARA"": 1, ""CONDICIÓN"": 3, ""EXPONE"": 12, ""RAZÓN"": 1}"	36	0	27	0
MW00011	1corintios	11	3:15	3:18	121	132	12	movement_accumulation	stable	EXPONE	"{""stable"": 8, ""transitioning"": 4}"	"{""ACLARA"": 4, ""CONDICIÓN"": 2, ""EXPONE"": 8, ""RAZÓN"": 1}"	32	16	22	8
MW00012	1corintios	12	3:19	4:3	133	144	12	extended_stable_field	stable	EXPONE	"{""recovering"": 1, ""stable"": 9, ""transitioning"": 2}"	"{""ACLARA"": 3, ""EXPONE"": 9, ""PROPÓSITO"": 3, ""RAZÓN"": 1, ""RESULTADO"": 1}"	29	9	19	4
MW00013	1corintios	13	4:4	4:6	145	156	12	transition_cluster	stable	ACLARA	"{""stable"": 5, ""transitioning"": 2, ""unstable"": 5}"	"{""ACLARA"": 7, ""EXPONE"": 5, ""PROPÓSITO"": 1, ""RESULTADO"": 1}"	19	39	12	24
MW00014	1corintios	14	4:7	4:9	157	168	12	mixed_continuity	stable	ACLARA	"{""recovering"": 2, ""stable"": 6, ""transitioning"": 3, ""unstable"": 1}"	"{""ACLARA"": 6, ""CONDICIÓN"": 1, ""EXPONE"": 6, ""PROPÓSITO"": 2}"	24	22	16	12
MW00015	1corintios	15	4:9	4:14	169	180	12	extended_stable_field	stable	EXPONE	"{""recovering"": 1, ""stable"": 10, ""transitioning"": 1}"	"{""ACLARA"": 3, ""EXPONE"": 10, ""RAZÓN"": 1}"	32	6	21	3
MW00016	1corintios	16	4:15	4:19	181	192	12	transition_cluster	unstable	ACLARA	"{""stable"": 2, ""unstable"": 10}"	"{""ACLARA"": 10, ""CONDICIÓN"": 2, ""EXPONE"": 2}"	6	60	6	40
MW00017	1corintios	17	4:21	5:7	193	204	12	transition_cluster	unstable	ACLARA	"{""stable"": 2, ""transitioning"": 2, ""unstable"": 8}"	"{""ACLARA"": 10, ""EXPONE"": 2, ""PROPÓSITO"": 2, ""RAZÓN"": 1}"	10	56	6	36
MW00018	1corintios	18	5:7	6:2	205	216	12	transition_cluster	unstable	ACLARA	"{""recovering"": 1, ""stable"": 1, ""unstable"": 10}"	"{""ACLARA"": 11, ""CONDICIÓN"": 1, ""EXPONE"": 1, ""PROPÓSITO"": 1, ""RESULTADO"": 1}"	3	63	3	41
MW00019	1corintios	19	6:2	6:7	217	228	12	transition_cluster	stable	ACLARA	"{""recovering"": 1, ""stable"": 5, ""transitioning"": 2, ""unstable"": 4}"	"{""ACLARA"": 7, ""CONDICIÓN"": 2, ""EXPONE"": 5, ""RAZÓN"": 2}"	19	34	14	21
MW00020	1corintios	20	6:7	6:11	229	240	12	mixed_continuity	stable	EXPONE	"{""stable"": 7, ""transitioning"": 3, ""unstable"": 2}"	"{""ACLARA"": 6, ""EXPONE"": 7, ""RAZÓN"": 2}"	27	24	17	14
MW00021	1corintios	21	6:11	6:15	241	252	12	transition_cluster	stable	ACLARA	"{""stable"": 5, ""transitioning"": 3, ""unstable"": 4}"	"{""ACLARA"": 7, ""EXPONE"": 5, ""RAZÓN"": 1}"	21	36	13	22
MW00022	1corintios	22	6:16	6:19	253	264	12	movement_accumulation	transitioning	ACLARA	"{""recovering"": 2, ""stable"": 3, ""transitioning"": 4, ""unstable"": 3}"	"{""ACLARA"": 9, ""CONDICIÓN"": 1, ""EXPONE"": 3, ""RAZÓN"": 2}"	17	38	11	22
MW00023	1corintios	23	6:19	7:5	265	276	12	extended_stable_field	stable	EXPONE	"{""stable"": 10, ""transitioning"": 2}"	"{""ACLARA"": 2, ""CONDICIÓN"": 1, ""EXPONE"": 10, ""PROPÓSITO"": 1}"	34	8	23	4
MW00024	1corintios	24	7:5	7:11	277	288	12	movement_accumulation	stable	ACLARA	"{""recovering"": 1, ""stable"": 4, ""transitioning"": 4, ""unstable"": 3}"	"{""ACLARA"": 8, ""CONDICIÓN"": 3, ""EXPONE"": 4, ""PROPÓSITO"": 1}"	20	36	15	21
MW00025	1corintios	25	7:11	7:14	289	300	12	extended_stable_field	stable	EXPONE	"{""stable"": 10, ""transitioning"": 2}"	"{""ACLARA"": 2, ""CONDICIÓN"": 2, ""EXPONE"": 10}"	34	8	24	4
MW00026	1corintios	26	7:15	7:17	301	312	12	extended_stable_field	stable	EXPONE	"{""stable"": 9, ""transitioning"": 3}"	"{""ACLARA"": 5, ""CONDICIÓN"": 4, ""EXPONE"": 9}"	33	12	25	6
MW00027	1corintios	27	7:18	7:21	313	324	12	extended_stable_field	stable	EXPONE	"{""stable"": 8, ""transitioning"": 2, ""unstable"": 2}"	"{""ACLARA"": 4, ""CONDICIÓN"": 1, ""EXPONE"": 8}"	28	20	19	12
MW00028	1corintios	28	7:22	7:27	325	336	12	movement_accumulation	stable	EXPONE	"{""stable"": 7, ""transitioning"": 5}"	"{""ACLARA"": 5, ""EXPONE"": 7}"	31	20	19	10
MW00029	1corintios	29	7:27	7:32	337	348	12	mixed_continuity	stable	ACLARA	"{""recovering"": 3, ""stable"": 5, ""transitioning"": 1, ""unstable"": 3}"	"{""ACLARA"": 7, ""CONDICIÓN"": 2, ""EXPONE"": 5, ""PROPÓSITO"": 1}"	17	28	13	17
MW00030	1corintios	30	7:32	7:36	349	360	12	extended_stable_field	stable	EXPONE	"{""stable"": 9, ""transitioning"": 3}"	"{""ACLARA"": 3, ""EXPONE"": 9, ""PROPÓSITO"": 2}"	33	12	21	6
MW00031	1corintios	31	7:36	7:38	361	372	12	extended_stable_field	stable	EXPONE	"{""recovering"": 2, ""stable"": 10}"	"{""ACLARA"": 2, ""CONDICIÓN"": 2, ""EXPONE"": 10, ""RESULTADO"": 1}"	30	5	22	2
MW00032	1corintios	32	7:39	8:1	373	384	12	extended_stable_field	stable	EXPONE	"{""recovering"": 1, ""stable"": 9, ""transitioning"": 1, ""unstable"": 1}"	"{""ACLARA"": 3, ""CONDICIÓN"": 2, ""EXPONE"": 9, ""RAZÓN"": 1}"	29	12	21	7
MW00033	1corintios	33	8:2	8:8	385	396	12	extended_stable_field	stable	EXPONE	"{""recovering"": 1, ""stable"": 8, ""transitioning"": 3}"	"{""ACLARA"": 5, ""CONDICIÓN"": 2, ""EXPONE"": 8}"	30	14	21	7
MW00034	1corintios	34	8:8	8:13	397	408	12	movement_accumulation	stable	EXPONE	"{""stable"": 7, ""transitioning"": 4, ""unstable"": 1}"	"{""ACLARA"": 5, ""CONDICIÓN"": 4, ""EXPONE"": 7}"	29	22	22	12
MW00035	1corintios	35	8:13	9:6	409	420	12	mixed_continuity	stable	EXPONE	"{""stable"": 7, ""transitioning"": 2, ""unstable"": 3}"	"{""ACLARA"": 5, ""CONDICIÓN"": 1, ""EXPONE"": 7, ""PROPÓSITO"": 1}"	25	26	17	16
MW00036	1corintios	36	9:7	9:10	421	432	12	mixed_continuity	stable	EXPONE	"{""stable"": 7, ""transitioning"": 3, ""unstable"": 2}"	"{""ACLARA"": 5, ""EXPONE"": 7}"	27	24	17	14
MW00037	1corintios	37	9:10	9:15	433	444	12	mixed_continuity	stable	ACLARA	"{""recovering"": 1, ""stable"": 5, ""transitioning"": 3, ""unstable"": 3}"	"{""ACLARA"": 8, ""CONDICIÓN"": 3, ""EXPONE"": 5, ""PROPÓSITO"": 1, ""RAZÓN"": 2}"	21	32	16	19
MW00038	1corintios	38	9:15	9:18	445	456	12	movement_accumulation	stable	EXPONE	"{""stable"": 7, ""transitioning"": 4, ""unstable"": 1}"	"{""ACLARA"": 5, ""CONDICIÓN"": 4, ""EXPONE"": 7, ""PROPÓSITO"": 1}"	29	22	22	12
MW00039	1corintios	39	9:18	9:23	457	468	12	extended_stable_field	stable	EXPONE	"{""stable"": 11, ""transitioning"": 1}"	"{""ACLARA"": 4, ""EXPONE"": 11, ""PROPÓSITO"": 7}"	35	4	23	2
MW00040	1corintios	40	9:23	9:27	469	480	12	transition_cluster	stable	ACLARA	"{""recovering"": 2, ""stable"": 5, ""transitioning"": 1, ""unstable"": 4}"	"{""ACLARA"": 8, ""EXPONE"": 5, ""PROPÓSITO"": 3, ""RAZÓN"": 1}"	17	32	11	20
MW00041	1corintios	41	9:27	10:6	481	492	12	extended_stable_field	stable	EXPONE	"{""recovering"": 2, ""stable"": 9, ""transitioning"": 1}"	"{""ACLARA"": 4, ""EXPONE"": 9, ""RAZÓN"": 1}"	29	8	19	4
MW00042	1corintios	42	10:6	10:10	493	504	12	transition_cluster	unstable	ACLARA	"{""recovering"": 1, ""stable"": 4, ""unstable"": 7}"	"{""ACLARA"": 11, ""EXPONE"": 4}"	12	44	8	29
MW00043	1corintios	43	10:10	10:14	505	516	12	mixed_continuity	stable	EXPONE	"{""recovering"": 1, ""stable"": 7, ""transitioning"": 1, ""unstable"": 3}"	"{""ACLARA"": 5, ""CONDICIÓN"": 1, ""EXPONE"": 7, ""RESULTADO"": 1}"	23	25	16	15
MW00044	1corintios	44	10:15	10:19	517	528	12	transition_cluster	unstable	ACLARA	"{""recovering"": 1, ""stable"": 1, ""unstable"": 10}"	"{""ACLARA"": 12, ""EXPONE"": 1, ""RAZÓN"": 1}"	3	62	2	41
MW00045	1corintios	45	10:19	10:23	529	540	12	movement_accumulation	stable	ACLARA	"{""recovering"": 1, ""stable"": 6, ""transitioning"": 4, ""unstable"": 1}"	"{""ACLARA"": 8, ""EXPONE"": 6, ""RAZÓN"": 3}"	26	24	16	13
MW00046	1corintios	46	10:23	10:30	541	552	12	transition_cluster	unstable	ACLARA	"{""stable"": 4, ""transitioning"": 3, ""unstable"": 5}"	"{""ACLARA"": 8, ""CONDICIÓN"": 2, ""EXPONE"": 4}"	18	42	13	26
MW00047	1corintios	47	10:30	11:2	553	564	12	transition_cluster	stable	EXPONE	"{""stable"": 6, ""transitioning"": 1, ""unstable"": 5}"	"{""ACLARA"": 6, ""CONDICIÓN"": 1, ""EXPONE"": 6, ""PROPÓSITO"": 1}"	20	34	14	22
MW00048	1corintios	48	11:2	11:7	565	576	12	extended_stable_field	stable	EXPONE	"{""stable"": 8, ""transitioning"": 2, ""unstable"": 2}"	"{""ACLARA"": 5, ""CONDICIÓN"": 2, ""EXPONE"": 8, ""RAZÓN"": 2}"	28	20	20	12
MW00049	1corintios	49	11:8	11:16	577	588	12	extended_stable_field	stable	EXPONE	"{""stable"": 10, ""transitioning"": 2}"	"{""ACLARA"": 4, ""CONDICIÓN"": 2, ""EXPONE"": 10, ""RAZÓN"": 2}"	34	8	24	4
MW00050	1corintios	50	11:16	11:22	589	600	12	transition_cluster	unstable	ACLARA	"{""recovering"": 3, ""stable"": 4, ""transitioning"": 1, ""unstable"": 4}"	"{""ACLARA"": 8, ""CONDICIÓN"": 1, ""EXPONE"": 4, ""PROPÓSITO"": 1, ""RAZÓN"": 1}"	14	34	10	21
MW00051	1corintios	51	11:22	11:24	601	612	12	extended_stable_field	stable	EXPONE	"{""stable"": 10, ""transitioning"": 2}"	"{""ACLARA"": 3, ""EXPONE"": 10, ""RAZÓN"": 1}"	34	8	22	4
MW00052	1corintios	52	11:24	11:28	613	624	12	extended_stable_field	stable	EXPONE	"{""stable"": 8, ""transitioning"": 3, ""unstable"": 1}"	"{""ACLARA"": 4, ""CONDICIÓN"": 2, ""EXPONE"": 8, ""RESULTADO"": 1}"	30	19	21	10
MW00053	1corintios	53	11:28	11:34	625	636	12	extended_stable_field	stable	EXPONE	"{""recovering"": 1, ""stable"": 8, ""transitioning"": 1, ""unstable"": 2}"	"{""ACLARA"": 4, ""CONDICIÓN"": 2, ""EXPONE"": 8, ""PROPÓSITO"": 1, ""RESULTADO"": 1}"	26	19	19	11
MW00054	1corintios	54	11:34	12:5	637	648	12	movement_accumulation	stable	ACLARA	"{""recovering"": 1, ""stable"": 6, ""transitioning"": 4, ""unstable"": 1}"	"{""ACLARA"": 9, ""EXPONE"": 6, ""PROPÓSITO"": 1, ""RAZÓN"": 2}"	26	24	16	13
MW00055	1corintios	55	12:6	12:15	649	660	12	extended_stable_field	stable	EXPONE	"{""recovering"": 1, ""stable"": 9, ""transitioning"": 2}"	"{""ACLARA"": 4, ""EXPONE"": 9}"	31	10	20	5
MW00056	1corintios	56	12:15	12:21	661	672	12	movement_accumulation	stable	ACLARA	"{""stable"": 7, ""transitioning"": 4, ""unstable"": 1}"	"{""ACLARA"": 8, ""CONDICIÓN"": 3, ""EXPONE"": 7, ""RAZÓN"": 2}"	29	22	21	12
MW00057	1corintios	57	12:21	12:26	673	684	12	mixed_continuity	stable	EXPONE	"{""recovering"": 2, ""stable"": 7, ""transitioning"": 2, ""unstable"": 1}"	"{""ACLARA"": 5, ""EXPONE"": 7, ""PROPÓSITO"": 1}"	25	18	16	10
MW00058	1corintios	58	12:26	13:2	685	696	12	mixed_continuity	stable	EXPONE	"{""recovering"": 1, ""stable"": 7, ""transitioning"": 3, ""unstable"": 1}"	"{""ACLARA"": 5, ""CONDICIÓN"": 1, ""EXPONE"": 7}"	27	20	18	11
MW00059	1corintios	59	13:2	13:5	697	708	12	extended_stable_field	stable	EXPONE	"{""stable"": 11, ""transitioning"": 1}"	"{""ACLARA"": 1, ""CONDICIÓN"": 1, ""EXPONE"": 11, ""RESULTADO"": 1}"	35	5	24	2
MW00060	1corintios	60	13:5	13:9	709	720	12	extended_stable_field	stable	EXPONE	"{""recovering"": 2, ""stable"": 9, ""transitioning"": 1}"	"{""ACLARA"": 3, ""EXPONE"": 9}"	29	8	19	4
MW00061	1corintios	61	13:9	13:12	721	732	12	extended_stable_field	stable	EXPONE	"{""recovering"": 2, ""stable"": 8, ""transitioning"": 2}"	"{""ACLARA"": 7, ""EXPONE"": 8}"	28	12	18	6
MW00062	1corintios	62	13:12	14:5	733	744	12	extended_stable_field	stable	EXPONE	"{""stable"": 8, ""transitioning"": 3, ""unstable"": 1}"	"{""ACLARA"": 4, ""EXPONE"": 8, ""PROPÓSITO"": 1}"	30	18	19	10
MW00063	1corintios	63	14:5	14:9	745	756	12	mixed_continuity	stable	ACLARA	"{""stable"": 6, ""transitioning"": 3, ""unstable"": 3}"	"{""ACLARA"": 6, ""CONDICIÓN"": 6, ""EXPONE"": 6, ""PROPÓSITO"": 2}"	24	30	21	18
MW00064	1corintios	64	14:9	14:14	757	768	12	movement_accumulation	transitioning	ACLARA	"{""recovering"": 1, ""stable"": 4, ""transitioning"": 4, ""unstable"": 3}"	"{""ACLARA"": 8, ""CONDICIÓN"": 3, ""EXPONE"": 4, ""PROPÓSITO"": 2}"	20	36	15	21
MW00065	1corintios	65	14:14	14:17	769	780	12	transition_cluster	stable	ACLARA	"{""stable"": 5, ""transitioning"": 2, ""unstable"": 5}"	"{""ACLARA"": 7, ""CONDICIÓN"": 1, ""EXPONE"": 5}"	19	38	13	24
MW00066	1corintios	66	14:18	14:22	781	792	12	mixed_continuity	stable	ACLARA	"{""recovering"": 1, ""stable"": 5, ""transitioning"": 3, ""unstable"": 3}"	"{""ACLARA"": 7, ""EXPONE"": 5, ""PROPÓSITO"": 1, ""RAZÓN"": 1, ""RESULTADO"": 1}"	19	31	12	18
MW00067	1corintios	67	14:23	14:25	793	804	12	mixed_continuity	stable	EXPONE	"{""recovering"": 3, ""stable"": 7, ""transitioning"": 1, ""unstable"": 1}"	"{""ACLARA"": 5, ""CONDICIÓN"": 2, ""EXPONE"": 7, ""RAZÓN"": 1}"	23	16	17	9
MW00068	1corintios	68	14:26	14:28	805	816	12	extended_stable_field	stable	EXPONE	"{""stable"": 10, ""transitioning"": 2}"	"{""ACLARA"": 3, ""CONDICIÓN"": 1, ""EXPONE"": 10, ""RAZÓN"": 1}"	34	8	23	4
MW00069	1corintios	69	14:28	14:34	817	828	12	recovery_field	stable	ACLARA	"{""recovering"": 5, ""stable"": 5, ""transitioning"": 1, ""unstable"": 1}"	"{""ACLARA"": 7, ""CONDICIÓN"": 1, ""EXPONE"": 5, ""PROPÓSITO"": 1}"	17	20	12	11
MW00070	1corintios	70	14:34	14:38	829	840	12	recovery_field	stable	ACLARA	"{""recovering"": 4, ""stable"": 6, ""transitioning"": 2}"	"{""ACLARA"": 7, ""CONDICIÓN"": 2, ""EXPONE"": 6, ""RAZÓN"": 1}"	22	16	16	8
MW00071	1corintios	71	14:38	15:2	841	852	12	mixed_continuity	stable	EXPONE	"{""stable"": 6, ""transitioning"": 3, ""unstable"": 3}"	"{""ACLARA"": 6, ""CONDICIÓN"": 2, ""EXPONE"": 6, ""RESULTADO"": 1}"	24	31	17	18
MW00072	1corintios	72	15:3	15:9	853	864	12	mixed_continuity	stable	ACLARA	"{""recovering"": 2, ""stable"": 7, ""transitioning"": 3}"	"{""ACLARA"": 9, ""CONDICIÓN"": 1, ""EXPONE"": 7, ""RAZÓN"": 4}"	27	16	18	8
MW00073	1corintios	73	15:9	15:12	865	876	12	transition_cluster	stable	ACLARA	"{""recovering"": 3, ""stable"": 5, ""unstable"": 4}"	"{""ACLARA"": 7, ""CONDICIÓN"": 1, ""EXPONE"": 5, ""RAZÓN"": 1}"	15	30	11	19
MW00074	1corintios	74	15:13	15:17	877	888	12	mixed_continuity	stable	ACLARA	"{""recovering"": 2, ""stable"": 7, ""transitioning"": 2, ""unstable"": 1}"	"{""ACLARA"": 7, ""CONDICIÓN"": 4, ""EXPONE"": 7, ""RAZÓN"": 3}"	25	18	20	10
MW00075	1corintios	75	15:18	15:27	889	900	12	mixed_continuity	stable	EXPONE	"{""recovering"": 2, ""stable"": 7, ""unstable"": 3}"	"{""ACLARA"": 5, ""CONDICIÓN"": 1, ""EXPONE"": 7}"	21	22	15	14
MW00076	1corintios	76	15:27	15:32	901	912	12	extended_stable_field	stable	EXPONE	"{""recovering"": 2, ""stable"": 9, ""transitioning"": 1}"	"{""ACLARA"": 4, ""CONDICIÓN"": 1, ""EXPONE"": 9, ""PROPÓSITO"": 1, ""RAZÓN"": 1}"	29	8	20	4
MW00077	1corintios	77	15:32	15:35	913	924	12	transition_cluster	unstable	ACLARA	"{""recovering"": 1, ""stable"": 3, ""transitioning"": 2, ""unstable"": 6}"	"{""ACLARA"": 9, ""CONDICIÓN"": 2, ""EXPONE"": 3}"	13	46	10	29
MW00078	1corintios	78	15:35	15:42	925	936	12	extended_stable_field	stable	EXPONE	"{""stable"": 8, ""transitioning"": 3, ""unstable"": 1}"	"{""ACLARA"": 5, ""CONDICIÓN"": 2, ""EXPONE"": 8}"	30	18	21	10
MW00079	1corintios	79	15:43	15:49	937	948	12	extended_stable_field	stable	EXPONE	"{""stable"": 11, ""unstable"": 1}"	"{""ACLARA"": 2, ""CONDICIÓN"": 1, ""EXPONE"": 11}"	33	6	23	4
MW00080	1corintios	80	15:50	15:54	949	960	12	mixed_continuity	stable	ACLARA	"{""recovering"": 3, ""stable"": 4, ""transitioning"": 2, ""unstable"": 3}"	"{""ACLARA"": 9, ""EXPONE"": 4, ""RAZÓN"": 1}"	16	32	10	19
MW00081	1corintios	81	15:54	16:3	961	972	12	transition_cluster	unstable	ACLARA	"{""stable"": 3, ""unstable"": 9}"	"{""ACLARA"": 9, ""CONDICIÓN"": 1, ""EXPONE"": 3, ""PROPÓSITO"": 1, ""RAZÓN"": 1, ""RESULTADO"": 1}"	9	55	7	36
MW00082	1corintios	82	16:3	16:7	973	984	12	mixed_continuity	stable	ACLARA	"{""recovering"": 1, ""stable"": 6, ""transitioning"": 3, ""unstable"": 2}"	"{""ACLARA"": 6, ""CONDICIÓN"": 3, ""EXPONE"": 6, ""PROPÓSITO"": 1}"	24	26	18	15
MW00083	1corintios	83	16:7	16:12	985	996	12	transition_cluster	unstable	ACLARA	"{""stable"": 4, ""transitioning"": 3, ""unstable"": 5}"	"{""ACLARA"": 8, ""CONDICIÓN"": 2, ""EXPONE"": 4, ""PROPÓSITO"": 2}"	18	42	13	26
MW00084	1corintios	84	16:12	16:17	997	1008	12	transition_cluster	stable	ACLARA	"{""recovering"": 1, ""stable"": 5, ""transitioning"": 1, ""unstable"": 5}"	"{""ACLARA"": 7, ""EXPONE"": 5, ""PROPÓSITO"": 3, ""RAZÓN"": 1}"	17	36	11	23
MW00085	1corintios	85	16:17	16:22	1009	1018	10	transition_cluster	unstable	ACLARA	"{""recovering"": 2, ""stable"": 2, ""transitioning"": 2, ""unstable"": 4}"	"{""ACLARA"": 9, ""CONDICIÓN"": 1, ""EXPONE"": 2, ""RAZÓN"": 1}"	6	36	5	22
