profile_type	rank	chapter_a	chapter_b	persistence_count	max_threshold	similarity	note
persistent_pair	1	2	8	5	0.4	0.4575	2 ↔ 8 survives through 0.20,0.25,0.30,0.35,0.40
persistent_pair	2	1	12	4	0.35	0.3787	1 ↔ 12 survives through 0.20,0.25,0.30,0.35
persistent_pair	3	8	12	3	0.3	0.3164	8 ↔ 12 survives through 0.20,0.25,0.30
persistent_pair	4	2	12	3	0.3	0.3163	2 ↔ 12 survives through 0.20,0.25,0.30
persistent_pair	5	2	5	2	0.25	0.2916	2 ↔ 5 survives through 0.20,0.25
persistent_pair	6	11	16	2	0.25	0.2913	11 ↔ 16 survives through 0.20,0.25
persistent_pair	7	3	11	2	0.25	0.2901	3 ↔ 11 survives through 0.20,0.25
persistent_pair	8	1	3	2	0.25	0.2866	1 ↔ 3 survives through 0.20,0.25
persistent_pair	9	3	12	2	0.25	0.2849	3 ↔ 12 survives through 0.20,0.25
persistent_pair	10	1	5	2	0.25	0.2754	1 ↔ 5 survives through 0.20,0.25
persistent_pair	11	3	6	2	0.25	0.2751	3 ↔ 6 survives through 0.20,0.25
persistent_pair	12	5	12	2	0.25	0.2745	5 ↔ 12 survives through 0.20,0.25
persistent_pair	13	3	8	2	0.25	0.2627	3 ↔ 8 survives through 0.20,0.25
persistent_pair	14	5	8	2	0.25	0.2622	5 ↔ 8 survives through 0.20,0.25
persistent_pair	15	3	16	2	0.25	0.2613	3 ↔ 16 survives through 0.20,0.25
persistent_pair	16	1	11	2	0.25	0.2593	1 ↔ 11 survives through 0.20,0.25
persistent_pair	17	1	16	2	0.25	0.2554	1 ↔ 16 survives through 0.20,0.25
persistent_pair	18	1	8	2	0.25	0.2514	1 ↔ 8 survives through 0.20,0.25
persistent_pair	19	9	16	2	0.25	0.2509	9 ↔ 16 survives through 0.20,0.25
persistent_pair	20	4	8	1	0.2	0.2487	4 ↔ 8 survives through 0.20
persistent_pair	21	13	16	1	0.2	0.2457	13 ↔ 16 survives through 0.20
persistent_pair	22	1	2	1	0.2	0.2445	1 ↔ 2 survives through 0.20
persistent_pair	23	12	16	1	0.2	0.2325	12 ↔ 16 survives through 0.20
persistent_pair	24	2	3	1	0.2	0.2317	2 ↔ 3 survives through 0.20
persistent_pair	25	4	13	1	0.2	0.2274	4 ↔ 13 survives through 0.20
persistent_pair	26	11	12	1	0.2	0.2271	11 ↔ 12 survives through 0.20
persistent_pair	27	4	11	1	0.2	0.2262	4 ↔ 11 survives through 0.20
persistent_pair	28	4	9	1	0.2	0.2259	4 ↔ 9 survives through 0.20
persistent_pair	29	9	11	1	0.2	0.2242	9 ↔ 11 survives through 0.20
persistent_pair	30	8	16	1	0.2	0.2233	8 ↔ 16 survives through 0.20
persistent_pair	31	1	6	1	0.2	0.2228	1 ↔ 6 survives through 0.20
persistent_pair	32	4	16	1	0.2	0.2228	4 ↔ 16 survives through 0.20
persistent_pair	33	8	13	1	0.2	0.2217	8 ↔ 13 survives through 0.20
persistent_pair	34	6	11	1	0.2	0.221	6 ↔ 11 survives through 0.20
persistent_pair	35	10	12	1	0.2	0.2207	10 ↔ 12 survives through 0.20
persistent_pair	36	6	12	1	0.2	0.2204	6 ↔ 12 survives through 0.20
persistent_pair	37	5	6	1	0.2	0.2183	5 ↔ 6 survives through 0.20
persistent_pair	38	3	13	1	0.2	0.2137	3 ↔ 13 survives through 0.20
persistent_pair	39	8	11	1	0.2	0.2132	8 ↔ 11 survives through 0.20
persistent_pair	40	3	5	1	0.2	0.2128	3 ↔ 5 survives through 0.20
persistent_pair	41	2	4	1	0.2	0.2122	2 ↔ 4 survives through 0.20
persistent_pair	42	3	4	1	0.2	0.2115	3 ↔ 4 survives through 0.20
persistent_pair	43	4	12	1	0.2	0.2096	4 ↔ 12 survives through 0.20
persistent_pair	44	6	8	1	0.2	0.2041	6 ↔ 8 survives through 0.20
persistent_pair	45	6	16	1	0.2	0.2036	6 ↔ 16 survives through 0.20
persistent_pair	46	6	10	1	0.2	0.2031	6 ↔ 10 survives through 0.20
persistent_pair	47	1	9	1	0.2	0.2025	1 ↔ 9 survives through 0.20
persistent_pair	48	3	10	1	0.2	0.2019	3 ↔ 10 survives through 0.20
persistent_pair	49	2	16	1	0.2	0.2009	2 ↔ 16 survives through 0.20
integrated		1		1	0.4		chapter 1 isolated at 0.40
integrated		2		0			chapter 2 never isolated
partial_singularity		3		3	0.4		chapter 3 isolated at 0.30,0.35,0.40
partial_singularity		4		4	0.4		chapter 4 isolated at 0.25,0.30,0.35,0.40
partial_singularity		5		3	0.4		chapter 5 isolated at 0.30,0.35,0.40
partial_singularity		6		3	0.4		chapter 6 isolated at 0.30,0.35,0.40
persistent_singularity		7		5	0.4		chapter 7 isolated at 0.20,0.25,0.30,0.35,0.40
integrated		8		0			chapter 8 never isolated
partial_singularity		9		3	0.4		chapter 9 isolated at 0.30,0.35,0.40
partial_singularity		10		4	0.4		chapter 10 isolated at 0.25,0.30,0.35,0.40
partial_singularity		11		3	0.4		chapter 11 isolated at 0.30,0.35,0.40
integrated		12		1	0.4		chapter 12 isolated at 0.40
partial_singularity		13		4	0.4		chapter 13 isolated at 0.25,0.30,0.35,0.40
persistent_singularity		14		5	0.4		chapter 14 isolated at 0.20,0.25,0.30,0.35,0.40
persistent_singularity		15		5	0.4		chapter 15 isolated at 0.20,0.25,0.30,0.35,0.40
partial_singularity		16		3	0.4		chapter 16 isolated at 0.30,0.35,0.40
threshold_fragmentation				3	0.2	13	threshold 0.20: clusters=4 largest_cluster=13 isolated_clusters=3
threshold_fragmentation				6	0.25	10	threshold 0.25: clusters=7 largest_cluster=10 isolated_clusters=6
threshold_fragmentation				12	0.3	4	threshold 0.30: clusters=13 largest_cluster=4 isolated_clusters=12
threshold_fragmentation				12	0.35	2	threshold 0.35: clusters=14 largest_cluster=2 isolated_clusters=12
threshold_fragmentation				14	0.4	2	threshold 0.40: clusters=15 largest_cluster=2 isolated_clusters=14
