pattern_candidate_id	pattern_key	pattern_length	frequency	first_start_reference	first_end_reference	label_sequence	pattern_status
P001	L001 > L001	2	162	1:18	1:19	"[""L001"", ""L001""]"	candidate
P002	L001 > L001 > L001	3	90	2:9	2:9	"[""L001"", ""L001"", ""L001""]"	candidate
P003	L001 > L001 > L001 > L001	4	53	2:9	2:10	"[""L001"", ""L001"", ""L001"", ""L001""]"	candidate
P004	L006 > L005	2	53	1:17	1:18	"[""L006"", ""L005""]"	candidate
P005	L003 > L002	2	52	1:10	1:10	"[""L003"", ""L002""]"	candidate
P006	L004 > L001	2	50	1:13	1:13	"[""L004"", ""L001""]"	candidate
P007	L002 > L001	2	49	1:16	1:16	"[""L002"", ""L001""]"	candidate
P008	L003 > L005	2	47	1:6	1:8	"[""L003"", ""L005""]"	candidate
P009	L002 > L003	2	46	1:10	1:10	"[""L002"", ""L003""]"	candidate
P010	L005 > L001	2	46	1:18	1:18	"[""L005"", ""L001""]"	candidate
P011	L001 > L006	2	42	1:16	1:16	"[""L001"", ""L006""]"	candidate
P012	L001 > L002	2	38	1:13	1:13	"[""L001"", ""L002""]"	candidate
P013	L002 > L002	2	37	1:9	1:10	"[""L002"", ""L002""]"	candidate
P014	L001 > L004	2	35	1:19	1:19	"[""L001"", ""L004""]"	candidate
P015	L001 > L001 > L001 > L001 > L001	5	31	2:9	2:10	"[""L001"", ""L001"", ""L001"", ""L001"", ""L001""]"	candidate
P016	L001 > L003	2	30	2:3	2:5	"[""L001"", ""L003""]"	candidate
P017	L002 > L004	2	30	1:12	1:13	"[""L002"", ""L004""]"	candidate
P018	L004 > L004	2	30	6:10	6:11	"[""L004"", ""L004""]"	candidate
P019	L005 > L004	2	30	1:22	1:23	"[""L005"", ""L004""]"	candidate
P020	L002 > L003 > L002	3	27	1:10	1:10	"[""L002"", ""L003"", ""L002""]"	candidate
P021	L005 > L001 > L001	3	27	1:18	1:19	"[""L005"", ""L001"", ""L001""]"	candidate
P022	L006 > L005 > L001	3	27	1:17	1:18	"[""L006"", ""L005"", ""L001""]"	candidate
P023	L002 > L006	2	25	1:14	1:14	"[""L002"", ""L006""]"	candidate
P024	L005 > L006	2	25	1:27	1:27	"[""L005"", ""L006""]"	candidate
P025	L001 > L006 > L005	3	24	2:14	2:15	"[""L001"", ""L006"", ""L005""]"	candidate
P026	L002 > L001 > L001	3	24	2:14	2:14	"[""L002"", ""L001"", ""L001""]"	candidate
P027	L006 > L002	2	24	1:16	1:17	"[""L006"", ""L002""]"	candidate
P028	L004 > L003	2	23	1:23	1:25	"[""L004"", ""L003""]"	candidate
P029	L001 > L001 > L001 > L001 > L001 > L001	6	22	2:9	2:11	"[""L001"", ""L001"", ""L001"", ""L001"", ""L001"", ""L001""]"	candidate
P030	L001 > L001 > L006	3	22	2:10	2:11	"[""L001"", ""L001"", ""L006""]"	candidate
P031	L004 > L001 > L001	3	21	2:1	2:3	"[""L004"", ""L001"", ""L001""]"	candidate
P032	L001 > L001 > L004	3	18	1:18	1:19	"[""L001"", ""L001"", ""L004""]"	candidate
P033	L001 > L001 > L002	3	17	2:16	2:16	"[""L001"", ""L001"", ""L002""]"	candidate
P034	L006 > L005 > L001 > L001	4	17	1:17	1:19	"[""L006"", ""L005"", ""L001"", ""L001""]"	candidate
P035	L001 > L001 > L003	3	15	2:2	2:5	"[""L001"", ""L001"", ""L003""]"	candidate
P036	L001 > L001 > L006 > L005	4	15	2:14	2:15	"[""L001"", ""L001"", ""L006"", ""L005""]"	candidate
P037	L003 > L005 > L001	3	15	2:9	2:9	"[""L003"", ""L005"", ""L001""]"	candidate
P038	L003 > L005 > L004	3	15	1:22	1:23	"[""L003"", ""L005"", ""L004""]"	candidate
P039	L007 > L005	2	15	7:9	7:9	"[""L007"", ""L005""]"	candidate
P040	L001 > L002 > L001	3	14	2:7	2:8	"[""L001"", ""L002"", ""L001""]"	candidate
P041	L001 > L006 > L005 > L001	4	14	2:14	2:15	"[""L001"", ""L006"", ""L005"", ""L001""]"	candidate
P042	L002 > L006 > L005	3	14	1:17	1:18	"[""L002"", ""L006"", ""L005""]"	candidate
P043	L003 > L002 > L001	3	14	1:15	1:16	"[""L003"", ""L002"", ""L001""]"	candidate
P044	L004 > L004 > L001	3	14	6:10	6:11	"[""L004"", ""L004"", ""L001""]"	candidate
P045	L001 > L004 > L001	3	13	1:19	1:19	"[""L001"", ""L004"", ""L001""]"	candidate
P046	L001 > L006 > L002	3	13	1:16	1:17	"[""L001"", ""L006"", ""L002""]"	candidate
P047	L002 > L001 > L001 > L001	4	13	3:2	3:3	"[""L002"", ""L001"", ""L001"", ""L001""]"	candidate
P048	L002 > L004 > L001	3	13	1:12	1:13	"[""L002"", ""L004"", ""L001""]"	candidate
P049	L003 > L002 > L003	3	13	1:11	1:12	"[""L003"", ""L002"", ""L003""]"	candidate
P050	L004 > L002	2	13	3:8	3:9	"[""L004"", ""L002""]"	candidate
P051	L005 > L001 > L001 > L001	4	13	2:9	2:9	"[""L005"", ""L001"", ""L001"", ""L001""]"	candidate
P052	L005 > L006 > L005	3	13	1:27	1:28	"[""L005"", ""L006"", ""L005""]"	candidate
P053	L006 > L005 > L006	3	13	1:27	1:27	"[""L006"", ""L005"", ""L006""]"	candidate
P054	L001 > L003 > L005	3	12	2:8	2:8	"[""L001"", ""L003"", ""L005""]"	candidate
P055	L002 > L003 > L005	3	12	6:18	6:18	"[""L002"", ""L003"", ""L005""]"	candidate
P056	L003 > L002 > L002	3	12	1:10	1:10	"[""L003"", ""L002"", ""L002""]"	candidate
P057	L005 > L003	2	12	1:21	1:22	"[""L005"", ""L003""]"	candidate
P058	L001 > L001 > L001 > L006	4	11	2:10	2:11	"[""L001"", ""L001"", ""L001"", ""L006""]"	candidate
P059	L002 > L001 > L001 > L001 > L001	5	11	3:2	3:3	"[""L002"", ""L001"", ""L001"", ""L001"", ""L001""]"	candidate
P060	L002 > L002 > L002	3	11	1:10	1:11	"[""L002"", ""L002"", ""L002""]"	candidate
P061	L003 > L007	2	11	7:8	7:9	"[""L003"", ""L007""]"	candidate
P062	L004 > L001 > L001 > L001	4	11	4:8	4:8	"[""L004"", ""L001"", ""L001"", ""L001""]"	candidate
P063	L004 > L003 > L005	3	11	4:9	4:11	"[""L004"", ""L003"", ""L005""]"	candidate
P064	L001 > L002 > L001 > L001	4	10	3:2	3:3	"[""L001"", ""L002"", ""L001"", ""L001""]"	candidate
P065	L001 > L002 > L003	3	10	3:5	3:5	"[""L001"", ""L002"", ""L003""]"	candidate
P066	L002 > L001 > L003	3	10	2:7	2:8	"[""L002"", ""L001"", ""L003""]"	candidate
P067	L003 > L002 > L003 > L002	4	10	1:11	1:12	"[""L003"", ""L002"", ""L003"", ""L002""]"	candidate
P068	L003 > L002 > L004	3	10	1:12	1:13	"[""L003"", ""L002"", ""L004""]"	candidate
P069	L004 > L001 > L004	3	10	1:19	1:20	"[""L004"", ""L001"", ""L004""]"	candidate
P070	L005 > L002	2	10	1:8	1:9	"[""L005"", ""L002""]"	candidate
P071	L005 > L004 > L001	3	10	1:31	2:2	"[""L005"", ""L004"", ""L001""]"	candidate
P072	L005 > L004 > L004	3	10	7:9	7:10	"[""L005"", ""L004"", ""L004""]"	candidate
P073	L006 > L007	2	10	1:28	1:29	"[""L006"", ""L007""]"	candidate
P074	L006 > L008	2	10	1:14	1:15	"[""L006"", ""L008""]"	candidate
P075	L001 > L001 > L001 > L002	4	9	2:15	2:16	"[""L001"", ""L001"", ""L001"", ""L002""]"	candidate
P076	L001 > L001 > L001 > L004	4	9	4:5	4:6	"[""L001"", ""L001"", ""L001"", ""L004""]"	candidate
P077	L001 > L001 > L006 > L005 > L001	5	9	2:14	2:15	"[""L001"", ""L001"", ""L006"", ""L005"", ""L001""]"	candidate
P078	L002 > L006 > L005 > L001	4	9	1:17	1:18	"[""L002"", ""L006"", ""L005"", ""L001""]"	candidate
P079	L003 > L003	2	9	1:5	1:6	"[""L003"", ""L003""]"	candidate
P080	L001 > L001 > L001 > L003	4	8	3:3	3:4	"[""L001"", ""L001"", ""L001"", ""L003""]"	candidate
P081	L001 > L001 > L001 > L006 > L005	5	8	3:10	3:13	"[""L001"", ""L001"", ""L001"", ""L006"", ""L005""]"	candidate
P082	L001 > L003 > L002	3	8	2:3	2:6	"[""L001"", ""L003"", ""L002""]"	candidate
P083	L001 > L004 > L004	3	8	6:12	6:13	"[""L001"", ""L004"", ""L004""]"	candidate
P084	L002 > L002 > L003	3	8	1:9	1:10	"[""L002"", ""L002"", ""L003""]"	candidate
P085	L002 > L002 > L006	3	8	1:13	1:14	"[""L002"", ""L002"", ""L006""]"	candidate
P086	L004 > L001 > L002	3	8	1:13	1:13	"[""L004"", ""L001"", ""L002""]"	candidate
P087	L004 > L004 > L004	3	8	14:17	14:18	"[""L004"", ""L004"", ""L004""]"	candidate
P088	L004 > L006	2	8	1:20	1:21	"[""L004"", ""L006""]"	candidate
P089	L005 > L001 > L006	3	8	3:13	3:13	"[""L005"", ""L001"", ""L006""]"	candidate
P090	L008 > L005	2	8	3:21	3:21	"[""L008"", ""L005""]"	candidate
P091	L001 > L001 > L001 > L001 > L004	5	7	7:19	7:21	"[""L001"", ""L001"", ""L001"", ""L001"", ""L004""]"	candidate
P092	L001 > L001 > L001 > L001 > L006	5	7	2:9	2:11	"[""L001"", ""L001"", ""L001"", ""L001"", ""L006""]"	candidate
P093	L001 > L002 > L003 > L002	4	7	3:5	3:6	"[""L001"", ""L002"", ""L003"", ""L002""]"	candidate
P094	L001 > L004 > L003	3	7	4:4	4:5	"[""L001"", ""L004"", ""L003""]"	candidate
P095	L002 > L003 > L002 > L003	4	7	1:11	1:12	"[""L002"", ""L003"", ""L002"", ""L003""]"	candidate
P096	L002 > L003 > L002 > L004	4	7	1:12	1:13	"[""L002"", ""L003"", ""L002"", ""L004""]"	candidate
P097	L002 > L006 > L005 > L001 > L001	5	7	1:17	1:19	"[""L002"", ""L006"", ""L005"", ""L001"", ""L001""]"	candidate
P098	L003 > L002 > L001 > L001	4	7	3:10	3:10	"[""L003"", ""L002"", ""L001"", ""L001""]"	candidate
P099	L003 > L005 > L001 > L001	4	7	2:9	2:9	"[""L003"", ""L005"", ""L001"", ""L001""]"	candidate
P100	L003 > L008	2	7	3:20	3:21	"[""L003"", ""L008""]"	candidate
P101	L004 > L001 > L006	3	7	3:6	3:7	"[""L004"", ""L001"", ""L006""]"	candidate
P102	L005 > L001 > L001 > L001 > L001	5	7	2:9	2:10	"[""L005"", ""L001"", ""L001"", ""L001"", ""L001""]"	candidate
P103	L005 > L001 > L002	3	7	3:15	3:16	"[""L005"", ""L001"", ""L002""]"	candidate
P104	L005 > L003 > L005	3	7	1:21	1:22	"[""L005"", ""L003"", ""L005""]"	candidate
P105	L006 > L002 > L003	3	7	4:13	4:15	"[""L006"", ""L002"", ""L003""]"	candidate
P106	L006 > L005 > L006 > L005	4	7	1:27	1:28	"[""L006"", ""L005"", ""L006"", ""L005""]"	candidate
P107	L008 > L002	2	7	6:2	6:2	"[""L008"", ""L002""]"	candidate
P108	L001 > L001 > L002 > L001	4	6	6:11	6:12	"[""L001"", ""L001"", ""L002"", ""L001""]"	candidate
P109	L001 > L001 > L002 > L003	4	6	6:14	6:15	"[""L001"", ""L001"", ""L002"", ""L003""]"	candidate
P110	L001 > L001 > L004 > L001	4	6	1:18	1:19	"[""L001"", ""L001"", ""L004"", ""L001""]"	candidate
P111	L001 > L001 > L004 > L004	4	6	6:12	6:13	"[""L001"", ""L001"", ""L004"", ""L004""]"	candidate
P112	L001 > L002 > L001 > L001 > L001	5	6	3:2	3:3	"[""L001"", ""L002"", ""L001"", ""L001"", ""L001""]"	candidate
P113	L001 > L002 > L001 > L001 > L001 > L001	6	6	3:2	3:3	"[""L001"", ""L002"", ""L001"", ""L001"", ""L001"", ""L001""]"	candidate
P114	L001 > L002 > L002	3	6	1:13	1:14	"[""L001"", ""L002"", ""L002""]"	candidate
P115	L001 > L004 > L001 > L001	4	6	7:24	7:26	"[""L001"", ""L004"", ""L001"", ""L001""]"	candidate
P116	L001 > L006 > L005 > L001 > L001	5	6	2:14	2:16	"[""L001"", ""L006"", ""L005"", ""L001"", ""L001""]"	candidate
P117	L002 > L001 > L002	3	6	2:6	2:7	"[""L002"", ""L001"", ""L002""]"	candidate
P118	L002 > L001 > L003 > L005	4	6	2:7	2:8	"[""L002"", ""L001"", ""L003"", ""L005""]"	candidate
P119	L002 > L003 > L002 > L002	4	6	1:10	1:10	"[""L002"", ""L003"", ""L002"", ""L002""]"	candidate
P120	L002 > L003 > L005 > L004	4	6	9:13	9:14	"[""L002"", ""L003"", ""L005"", ""L004""]"	candidate
P121	L002 > L004 > L003	3	6	3:9	3:10	"[""L002"", ""L004"", ""L003""]"	candidate
P122	L003 > L005 > L002	3	6	1:6	1:9	"[""L003"", ""L005"", ""L002""]"	candidate
P123	L003 > L005 > L004 > L004	4	6	9:13	9:15	"[""L003"", ""L005"", ""L004"", ""L004""]"	candidate
P124	L003 > L005 > L006	3	6	8:8	8:8	"[""L003"", ""L005"", ""L006""]"	candidate
P125	L004 > L003 > L002	3	6	1:23	1:26	"[""L004"", ""L003"", ""L002""]"	candidate
P126	L004 > L004 > L001 > L001	4	6	6:10	6:11	"[""L004"", ""L004"", ""L001"", ""L001""]"	candidate
P127	L004 > L004 > L003	3	6	7:9	7:11	"[""L004"", ""L004"", ""L003""]"	candidate
P128	L005 > L001 > L006 > L005	4	6	3:13	3:13	"[""L005"", ""L001"", ""L006"", ""L005""]"	candidate
P129	L005 > L004 > L004 > L001	4	6	7:17	7:18	"[""L005"", ""L004"", ""L004"", ""L001""]"	candidate
P130	L005 > L006 > L005 > L006	4	6	1:27	1:28	"[""L005"", ""L006"", ""L005"", ""L006""]"	candidate
P131	L006 > L002 > L006	3	6	1:16	1:17	"[""L006"", ""L002"", ""L006""]"	candidate
P132	L006 > L005 > L001 > L001 > L001	5	6	2:14	2:16	"[""L006"", ""L005"", ""L001"", ""L001"", ""L001""]"	candidate
P133	L006 > L005 > L001 > L006	4	6	3:12	3:13	"[""L006"", ""L005"", ""L001"", ""L006""]"	candidate
P134	L006 > L005 > L003	3	6	1:21	1:22	"[""L006"", ""L005"", ""L003""]"	candidate
P135	L006 > L005 > L004	3	6	1:31	2:1	"[""L006"", ""L005"", ""L004""]"	candidate
P136	L007 > L002	2	6	1:29	1:30	"[""L007"", ""L002""]"	candidate
P137	L007 > L005 > L004	3	6	7:9	7:9	"[""L007"", ""L005"", ""L004""]"	candidate
P138	L001 > L001 > L001 > L001 > L001 > L006	6	5	2:9	2:11	"[""L001"", ""L001"", ""L001"", ""L001"", ""L001"", ""L006""]"	candidate
P139	L001 > L001 > L001 > L001 > L006 > L005	6	5	3:10	3:13	"[""L001"", ""L001"", ""L001"", ""L001"", ""L006"", ""L005""]"	candidate
P140	L001 > L001 > L001 > L006 > L005 > L001	6	5	3:10	3:13	"[""L001"", ""L001"", ""L001"", ""L006"", ""L005"", ""L001""]"	candidate
P141	L001 > L001 > L002 > L001 > L001	5	5	6:11	6:12	"[""L001"", ""L001"", ""L002"", ""L001"", ""L001""]"	candidate
P142	L001 > L001 > L003 > L002	4	5	2:2	2:6	"[""L001"", ""L001"", ""L003"", ""L002""]"	candidate
P143	L001 > L001 > L006 > L002	4	5	2:10	2:12	"[""L001"", ""L001"", ""L006"", ""L002""]"	candidate
P144	L001 > L001 > L006 > L005 > L001 > L001	6	5	2:14	2:16	"[""L001"", ""L001"", ""L006"", ""L005"", ""L001"", ""L001""]"	candidate
P145	L001 > L002 > L006	3	5	3:15	3:16	"[""L001"", ""L002"", ""L006""]"	candidate
P146	L001 > L006 > L005 > L001 > L006	5	5	3:11	3:13	"[""L001"", ""L006"", ""L005"", ""L001"", ""L006""]"	candidate
P147	L002 > L001 > L006	3	5	1:16	1:16	"[""L002"", ""L001"", ""L006""]"	candidate
P148	L002 > L002 > L001	3	5	3:4	3:5	"[""L002"", ""L002"", ""L001""]"	candidate
P149	L002 > L002 > L004	3	5	4:16	4:17	"[""L002"", ""L002"", ""L004""]"	candidate
P150	L002 > L003 > L002 > L003 > L002	5	5	1:11	1:12	"[""L002"", ""L003"", ""L002"", ""L003"", ""L002""]"	candidate
P151	L003 > L002 > L001 > L001 > L001	5	5	3:10	3:11	"[""L003"", ""L002"", ""L001"", ""L001"", ""L001""]"	candidate
P152	L003 > L002 > L002 > L002	4	5	1:10	1:11	"[""L003"", ""L002"", ""L002"", ""L002""]"	candidate
P153	L003 > L003 > L002	3	5	4:17	4:19	"[""L003"", ""L003"", ""L002""]"	candidate
P154	L003 > L005 > L001 > L001 > L001	5	5	2:9	2:9	"[""L003"", ""L005"", ""L001"", ""L001"", ""L001""]"	candidate
P155	L003 > L005 > L003	3	5	2:8	2:9	"[""L003"", ""L005"", ""L003""]"	candidate
P156	L003 > L007 > L005	3	5	7:8	7:9	"[""L003"", ""L007"", ""L005""]"	candidate
P157	L004 > L001 > L001 > L006	4	5	9:9	9:10	"[""L004"", ""L001"", ""L001"", ""L006""]"	candidate
P158	L004 > L003 > L005 > L001	4	5	4:9	4:11	"[""L004"", ""L003"", ""L005"", ""L001""]"	candidate
P159	L004 > L003 > L005 > L004	4	5	7:21	7:22	"[""L004"", ""L003"", ""L005"", ""L004""]"	candidate
P160	L005 > L001 > L006 > L005 > L001	5	5	3:13	3:13	"[""L005"", ""L001"", ""L006"", ""L005"", ""L001""]"	candidate
P161	L005 > L004 > L001 > L001	4	5	1:31	2:3	"[""L005"", ""L004"", ""L001"", ""L001""]"	candidate
P162	L005 > L006 > L007	3	5	1:28	1:29	"[""L005"", ""L006"", ""L007""]"	candidate
P163	L006 > L002 > L001	3	5	8:1	8:1	"[""L006"", ""L002"", ""L001""]"	candidate
P164	L006 > L005 > L001 > L006 > L005	5	5	3:12	3:13	"[""L006"", ""L005"", ""L001"", ""L006"", ""L005""]"	candidate
P165	L007 > L007	2	5	9:20	9:21	"[""L007"", ""L007""]"	candidate
P166	L008 > L002 > L001	3	5	6:2	6:3	"[""L008"", ""L002"", ""L001""]"	candidate
P167	L001 > L001 > L001 > L001 > L001 > L004	6	4	7:18	7:21	"[""L001"", ""L001"", ""L001"", ""L001"", ""L001"", ""L004""]"	candidate
P168	L001 > L001 > L001 > L001 > L002	5	4	6:19	7:2	"[""L001"", ""L001"", ""L001"", ""L001"", ""L002""]"	candidate
P169	L001 > L001 > L001 > L001 > L003	5	4	3:2	3:4	"[""L001"", ""L001"", ""L001"", ""L001"", ""L003""]"	candidate
P170	L001 > L001 > L001 > L003 > L002	5	4	3:3	3:4	"[""L001"", ""L001"", ""L001"", ""L003"", ""L002""]"	candidate
P171	L001 > L001 > L001 > L004 > L004	5	4	7:19	7:21	"[""L001"", ""L001"", ""L001"", ""L004"", ""L004""]"	candidate
P172	L001 > L001 > L002 > L003 > L002	5	4	6:14	6:15	"[""L001"", ""L001"", ""L002"", ""L003"", ""L002""]"	candidate
P173	L001 > L001 > L003 > L005	4	4	6:6	6:7	"[""L001"", ""L001"", ""L003"", ""L005""]"	candidate
P174	L001 > L001 > L004 > L003	4	4	4:4	4:5	"[""L001"", ""L001"", ""L004"", ""L003""]"	candidate
P175	L001 > L003 > L003	3	4	4:17	4:18	"[""L001"", ""L003"", ""L003""]"	candidate
P176	L001 > L004 > L001 > L004	4	4	1:19	1:20	"[""L001"", ""L004"", ""L001"", ""L004""]"	candidate
P177	L001 > L004 > L002	3	4	12:21	12:23	"[""L001"", ""L004"", ""L002""]"	candidate
P178	L001 > L004 > L004 > L001	4	4	6:12	6:14	"[""L001"", ""L004"", ""L004"", ""L001""]"	candidate
P179	L001 > L006 > L005 > L001 > L006 > L005	6	4	3:11	3:13	"[""L001"", ""L006"", ""L005"", ""L001"", ""L006"", ""L005""]"	candidate
P180	L001 > L006 > L005 > L006	4	4	7:14	7:15	"[""L001"", ""L006"", ""L005"", ""L006""]"	candidate
P181	L002 > L001 > L001 > L002	4	4	9:4	9:7	"[""L002"", ""L001"", ""L001"", ""L002""]"	candidate
P182	L002 > L001 > L004	3	4	7:24	7:25	"[""L002"", ""L001"", ""L004""]"	candidate
P183	L002 > L002 > L002 > L003	4	4	1:10	1:11	"[""L002"", ""L002"", ""L002"", ""L003""]"	candidate
P184	L002 > L002 > L003 > L002	4	4	1:9	1:10	"[""L002"", ""L002"", ""L003"", ""L002""]"	candidate
P185	L002 > L002 > L006 > L005	4	4	1:26	1:27	"[""L002"", ""L002"", ""L006"", ""L005""]"	candidate
P186	L002 > L003 > L002 > L001	4	4	4:14	4:16	"[""L002"", ""L003"", ""L002"", ""L001""]"	candidate
P187	L002 > L003 > L002 > L004 > L001	5	4	1:12	1:13	"[""L002"", ""L003"", ""L002"", ""L004"", ""L001""]"	candidate
P188	L002 > L003 > L005 > L004 > L004	5	4	9:13	9:15	"[""L002"", ""L003"", ""L005"", ""L004"", ""L004""]"	candidate
P189	L002 > L003 > L007	3	4	7:8	7:9	"[""L002"", ""L003"", ""L007""]"	candidate
P190	L002 > L004 > L001 > L001	4	4	6:5	6:6	"[""L002"", ""L004"", ""L001"", ""L001""]"	candidate
P191	L002 > L004 > L001 > L002	4	4	1:12	1:13	"[""L002"", ""L004"", ""L001"", ""L002""]"	candidate
P192	L002 > L004 > L002	3	4	3:8	3:9	"[""L002"", ""L004"", ""L002""]"	candidate
P193	L002 > L004 > L004	3	4	6:9	6:11	"[""L002"", ""L004"", ""L004""]"	candidate
P194	L002 > L006 > L008	3	4	1:14	1:15	"[""L002"", ""L006"", ""L008""]"	candidate
P195	L003 > L002 > L004 > L001	4	4	1:12	1:13	"[""L003"", ""L002"", ""L004"", ""L001""]"	candidate
P196	L003 > L005 > L001 > L001 > L001 > L001	6	4	2:9	2:10	"[""L003"", ""L005"", ""L001"", ""L001"", ""L001"", ""L001""]"	candidate
P197	L003 > L005 > L001 > L002	4	4	6:18	6:19	"[""L003"", ""L005"", ""L001"", ""L002""]"	candidate
P198	L003 > L005 > L006 > L005	4	4	8:8	8:8	"[""L003"", ""L005"", ""L006"", ""L005""]"	candidate
P199	L003 > L008 > L002	3	4	6:2	6:2	"[""L003"", ""L008"", ""L002""]"	candidate
P200	L004 > L001 > L001 > L001 > L001	5	4	7:18	7:19	"[""L004"", ""L001"", ""L001"", ""L001"", ""L001""]"	candidate
P201	L004 > L001 > L002 > L001	4	4	3:1	3:2	"[""L004"", ""L001"", ""L002"", ""L001""]"	candidate
P202	L004 > L001 > L003	3	4	4:17	4:17	"[""L004"", ""L001"", ""L003""]"	candidate
P203	L004 > L001 > L004 > L001	4	4	10:4	10:6	"[""L004"", ""L001"", ""L004"", ""L001""]"	candidate
P204	L004 > L001 > L006 > L002	4	4	3:6	3:8	"[""L004"", ""L001"", ""L006"", ""L002""]"	candidate
P205	L004 > L002 > L001	3	4	5:1	5:2	"[""L004"", ""L002"", ""L001""]"	candidate
P206	L004 > L003 > L002 > L001	4	4	3:9	3:10	"[""L004"", ""L003"", ""L002"", ""L001""]"	candidate
P207	L004 > L004 > L003 > L005	4	4	7:9	7:11	"[""L004"", ""L004"", ""L003"", ""L005""]"	candidate
P208	L004 > L006 > L002	3	4	8:1	8:1	"[""L004"", ""L006"", ""L002""]"	candidate
P209	L005 > L001 > L001 > L001 > L001 > L001	6	4	2:9	2:10	"[""L005"", ""L001"", ""L001"", ""L001"", ""L001"", ""L001""]"	candidate
P210	L005 > L001 > L001 > L003	4	4	3:19	3:20	"[""L005"", ""L001"", ""L001"", ""L003""]"	candidate
P211	L005 > L001 > L001 > L006	4	4	3:21	4:2	"[""L005"", ""L001"", ""L001"", ""L006""]"	candidate
P212	L005 > L002 > L002	3	4	1:8	1:10	"[""L005"", ""L002"", ""L002""]"	candidate
P213	L005 > L002 > L004	3	4	6:4	6:5	"[""L005"", ""L002"", ""L004""]"	candidate
P214	L005 > L002 > L004 > L001	4	4	6:4	6:5	"[""L005"", ""L002"", ""L004"", ""L001""]"	candidate
P215	L005 > L003 > L002	3	4	7:5	7:6	"[""L005"", ""L003"", ""L002""]"	candidate
P216	L005 > L004 > L003	3	4	1:22	1:25	"[""L005"", ""L004"", ""L003""]"	candidate
P217	L005 > L006 > L002	3	4	9:17	9:18	"[""L005"", ""L006"", ""L002""]"	candidate
P218	L005 > L006 > L005 > L001	4	4	3:18	3:19	"[""L005"", ""L006"", ""L005"", ""L001""]"	candidate
P219	L005 > L006 > L005 > L001 > L001	5	4	3:18	3:20	"[""L005"", ""L006"", ""L005"", ""L001"", ""L001""]"	candidate
P220	L006 > L002 > L003 > L005	4	4	9:12	9:13	"[""L006"", ""L002"", ""L003"", ""L005""]"	candidate
P221	L006 > L002 > L004	3	4	3:7	3:8	"[""L006"", ""L002"", ""L004""]"	candidate
P222	L006 > L005 > L001 > L001 > L003	5	4	3:18	3:20	"[""L006"", ""L005"", ""L001"", ""L001"", ""L003""]"	candidate
P223	L006 > L005 > L001 > L006 > L005 > L001	6	4	3:12	3:13	"[""L006"", ""L005"", ""L001"", ""L006"", ""L005"", ""L001""]"	candidate
P224	L006 > L005 > L006 > L007	4	4	1:27	1:29	"[""L006"", ""L005"", ""L006"", ""L007""]"	candidate
P225	L006 > L007 > L002	3	4	1:28	1:30	"[""L006"", ""L007"", ""L002""]"	candidate
P226	L007 > L005 > L004 > L004	4	4	7:9	7:10	"[""L007"", ""L005"", ""L004"", ""L004""]"	candidate
P227	L007 > L005 > L006	3	4	9:17	9:17	"[""L007"", ""L005"", ""L006""]"	candidate
P228	L007 > L007 > L005	3	4	9:20	9:22	"[""L007"", ""L007"", ""L005""]"	candidate
P229	L001 > L001 > L001 > L001 > L004 > L004	6	3	7:19	7:21	"[""L001"", ""L001"", ""L001"", ""L001"", ""L004"", ""L004""]"	candidate
P230	L001 > L001 > L001 > L002 > L001	5	3	6:11	6:12	"[""L001"", ""L001"", ""L001"", ""L002"", ""L001""]"	candidate
P231	L001 > L001 > L001 > L002 > L001 > L001	6	3	6:11	6:12	"[""L001"", ""L001"", ""L001"", ""L002"", ""L001"", ""L001""]"	candidate
P232	L001 > L001 > L001 > L002 > L002	5	3	11:8	11:13	"[""L001"", ""L001"", ""L001"", ""L002"", ""L002""]"	candidate
P233	L001 > L001 > L001 > L003 > L005	5	3	6:5	6:7	"[""L001"", ""L001"", ""L001"", ""L003"", ""L005""]"	candidate
P234	L001 > L001 > L001 > L003 > L005 > L001	6	3	6:5	6:7	"[""L001"", ""L001"", ""L001"", ""L003"", ""L005"", ""L001""]"	candidate
P235	L001 > L001 > L001 > L004 > L003	5	3	4:5	4:6	"[""L001"", ""L001"", ""L001"", ""L004"", ""L003""]"	candidate
P236	L001 > L001 > L002 > L001 > L001 > L001	6	3	6:20	7:4	"[""L001"", ""L001"", ""L002"", ""L001"", ""L001"", ""L001""]"	candidate
P237	L001 > L001 > L002 > L002	4	3	11:9	11:13	"[""L001"", ""L001"", ""L002"", ""L002""]"	candidate
P238	L001 > L001 > L003 > L003	4	3	10:31	10:33	"[""L001"", ""L001"", ""L003"", ""L003""]"	candidate
P239	L001 > L001 > L003 > L005 > L001	5	3	6:6	6:7	"[""L001"", ""L001"", ""L003"", ""L005"", ""L001""]"	candidate
P240	L001 > L001 > L003 > L005 > L001 > L001	6	3	6:6	6:8	"[""L001"", ""L001"", ""L003"", ""L005"", ""L001"", ""L001""]"	candidate
P241	L001 > L001 > L004 > L001 > L001	5	3	7:25	7:27	"[""L001"", ""L001"", ""L004"", ""L001"", ""L001""]"	candidate
P242	L001 > L001 > L004 > L001 > L004	5	3	1:18	1:20	"[""L001"", ""L001"", ""L004"", ""L001"", ""L004""]"	candidate
P243	L001 > L001 > L004 > L004 > L001	5	3	6:12	6:14	"[""L001"", ""L001"", ""L004"", ""L004"", ""L001""]"	candidate
P244	L001 > L001 > L006 > L005 > L003	5	3	4:1	4:3	"[""L001"", ""L001"", ""L006"", ""L005"", ""L003""]"	candidate
P245	L001 > L002 > L003 > L002 > L001	5	3	6:18	6:19	"[""L001"", ""L002"", ""L003"", ""L002"", ""L001""]"	candidate
P246	L001 > L002 > L003 > L002 > L004	5	3	3:5	3:6	"[""L001"", ""L002"", ""L003"", ""L002"", ""L004""]"	candidate
P247	L001 > L002 > L004	3	3	2:16	3:1	"[""L001"", ""L002"", ""L004""]"	candidate
P248	L001 > L003 > L002 > L003	4	3	5:2	5:5	"[""L001"", ""L003"", ""L002"", ""L003""]"	candidate
P249	L001 > L003 > L002 > L004	4	3	4:8	4:9	"[""L001"", ""L003"", ""L002"", ""L004""]"	candidate
P250	L001 > L003 > L003 > L002	4	3	4:17	4:19	"[""L001"", ""L003"", ""L003"", ""L002""]"	candidate
P251	L001 > L003 > L005 > L001	4	3	6:7	6:7	"[""L001"", ""L003"", ""L005"", ""L001""]"	candidate
P252	L001 > L003 > L005 > L001 > L001	5	3	6:7	6:8	"[""L001"", ""L003"", ""L005"", ""L001"", ""L001""]"	candidate
P253	L001 > L003 > L005 > L001 > L001 > L001	6	3	6:7	6:8	"[""L001"", ""L003"", ""L005"", ""L001"", ""L001"", ""L001""]"	candidate
P254	L001 > L003 > L005 > L003	4	3	2:8	2:9	"[""L001"", ""L003"", ""L005"", ""L003""]"	candidate
P255	L001 > L003 > L005 > L006	4	3	8:8	8:8	"[""L001"", ""L003"", ""L005"", ""L006""]"	candidate
P256	L001 > L003 > L005 > L006 > L005	5	3	8:8	8:8	"[""L001"", ""L003"", ""L005"", ""L006"", ""L005""]"	candidate
P257	L001 > L003 > L007	3	3	9:16	9:17	"[""L001"", ""L003"", ""L007""]"	candidate
P258	L001 > L003 > L008	3	3	3:20	3:21	"[""L001"", ""L003"", ""L008""]"	candidate
P259	L001 > L004 > L001 > L001 > L001	5	3	7:26	7:27	"[""L001"", ""L004"", ""L001"", ""L001"", ""L001""]"	candidate
P260	L001 > L004 > L003 > L002	4	3	4:4	4:5	"[""L001"", ""L004"", ""L003"", ""L002""]"	candidate
P261	L001 > L004 > L004 > L001 > L001	5	3	6:12	6:14	"[""L001"", ""L004"", ""L004"", ""L001"", ""L001""]"	candidate
P262	L001 > L004 > L004 > L004	4	3	14:33	14:34	"[""L001"", ""L004"", ""L004"", ""L004""]"	candidate
P263	L001 > L004 > L006	3	3	1:19	1:21	"[""L001"", ""L004"", ""L006""]"	candidate
P264	L001 > L006 > L002 > L001	4	3	8:5	8:8	"[""L001"", ""L006"", ""L002"", ""L001""]"	candidate
P265	L001 > L006 > L002 > L003	4	3	4:13	4:15	"[""L001"", ""L006"", ""L002"", ""L003""]"	candidate
P266	L001 > L006 > L002 > L004	4	3	3:6	3:8	"[""L001"", ""L006"", ""L002"", ""L004""]"	candidate
P267	L001 > L006 > L005 > L003	4	3	4:2	4:3	"[""L001"", ""L006"", ""L005"", ""L003""]"	candidate
P268	L001 > L006 > L005 > L004	4	3	4:7	4:8	"[""L001"", ""L006"", ""L005"", ""L004""]"	candidate
P269	L001 > L006 > L005 > L006 > L005	5	3	7:14	7:15	"[""L001"", ""L006"", ""L005"", ""L006"", ""L005""]"	candidate
P270	L002 > L001 > L001 > L001 > L001 > L002	6	3	6:19	7:2	"[""L002"", ""L001"", ""L001"", ""L001"", ""L001"", ""L002""]"	candidate
P271	L002 > L001 > L001 > L001 > L001 > L003	6	3	3:2	3:4	"[""L002"", ""L001"", ""L001"", ""L001"", ""L001"", ""L003""]"	candidate
P272	L002 > L001 > L001 > L004	4	3	6:12	6:12	"[""L002"", ""L001"", ""L001"", ""L004""]"	candidate
P273	L002 > L001 > L002 > L001	4	3	2:6	2:8	"[""L002"", ""L001"", ""L002"", ""L001""]"	candidate
P274	L002 > L001 > L003 > L005 > L006	5	3	8:7	8:8	"[""L002"", ""L001"", ""L003"", ""L005"", ""L006""]"	candidate
P275	L002 > L001 > L003 > L005 > L006 > L005	6	3	8:7	8:8	"[""L002"", ""L001"", ""L003"", ""L005"", ""L006"", ""L005""]"	candidate
P276	L002 > L001 > L006 > L002	4	3	1:16	1:17	"[""L002"", ""L001"", ""L006"", ""L002""]"	candidate
P277	L002 > L003 > L002 > L002 > L002	5	3	1:10	1:11	"[""L002"", ""L003"", ""L002"", ""L002"", ""L002""]"	candidate
P278	L002 > L003 > L002 > L006	4	3	5:6	5:7	"[""L002"", ""L003"", ""L002"", ""L006""]"	candidate
P279	L002 > L003 > L005 > L001	4	3	6:18	6:18	"[""L002"", ""L003"", ""L005"", ""L001""]"	candidate
P280	L002 > L004 > L001 > L001 > L001	5	3	6:5	6:7	"[""L002"", ""L004"", ""L001"", ""L001"", ""L001""]"	candidate
P281	L002 > L004 > L001 > L006	4	3	3:6	3:7	"[""L002"", ""L004"", ""L001"", ""L006""]"	candidate
P282	L002 > L004 > L003 > L005	4	3	4:9	4:11	"[""L002"", ""L004"", ""L003"", ""L005""]"	candidate
P283	L002 > L004 > L006	3	3	7:40	8:1	"[""L002"", ""L004"", ""L006""]"	candidate
P284	L002 > L004 > L006 > L002	4	3	7:40	8:1	"[""L002"", ""L004"", ""L006"", ""L002""]"	candidate
P285	L002 > L006 > L002	3	3	3:16	3:16	"[""L002"", ""L006"", ""L002""]"	candidate
P286	L002 > L006 > L007	3	3	5:7	5:7	"[""L002"", ""L006"", ""L007""]"	candidate
P287	L003 > L002 > L001 > L001 > L001 > L001	6	3	3:10	3:11	"[""L003"", ""L002"", ""L001"", ""L001"", ""L001"", ""L001""]"	candidate
P288	L003 > L002 > L001 > L003	4	3	7:5	7:7	"[""L003"", ""L002"", ""L001"", ""L003""]"	candidate
P289	L003 > L002 > L002 > L003	4	3	10:33	11:2	"[""L003"", ""L002"", ""L002"", ""L003""]"	candidate
P290	L003 > L002 > L002 > L006	4	3	1:25	1:27	"[""L003"", ""L002"", ""L002"", ""L006""]"	candidate
P291	L003 > L002 > L003 > L002 > L002	5	3	4:18	4:21	"[""L003"", ""L002"", ""L003"", ""L002"", ""L002""]"	candidate
P292	L003 > L002 > L003 > L002 > L003	5	3	5:2	5:6	"[""L003"", ""L002"", ""L003"", ""L002"", ""L003""]"	candidate
P293	L003 > L002 > L003 > L002 > L004	5	3	1:11	1:13	"[""L003"", ""L002"", ""L003"", ""L002"", ""L004""]"	candidate
P294	L003 > L002 > L006	3	3	5:6	5:7	"[""L003"", ""L002"", ""L006""]"	candidate
P295	L003 > L003 > L002 > L002	4	3	10:33	11:2	"[""L003"", ""L003"", ""L002"", ""L002""]"	candidate
P296	L003 > L003 > L005	3	3	1:5	1:8	"[""L003"", ""L003"", ""L005""]"	candidate
P297	L003 > L005 > L002 > L002	4	3	1:6	1:10	"[""L003"", ""L005"", ""L002"", ""L002""]"	candidate
P298	L003 > L005 > L003 > L005	4	3	2:8	2:9	"[""L003"", ""L005"", ""L003"", ""L005""]"	candidate
P299	L003 > L005 > L004 > L001	4	3	7:21	7:22	"[""L003"", ""L005"", ""L004"", ""L001""]"	candidate
P300	L003 > L005 > L004 > L003	4	3	1:22	1:25	"[""L003"", ""L005"", ""L004"", ""L003""]"	candidate
P301	L003 > L005 > L004 > L004 > L001	5	3	9:13	9:15	"[""L003"", ""L005"", ""L004"", ""L004"", ""L001""]"	candidate
P302	L003 > L007 > L008	3	3	9:11	9:12	"[""L003"", ""L007"", ""L008""]"	candidate
P303	L003 > L008 > L002 > L001	4	3	6:2	6:3	"[""L003"", ""L008"", ""L002"", ""L001""]"	candidate
P304	L003 > L008 > L005	3	3	3:20	3:21	"[""L003"", ""L008"", ""L005""]"	candidate
P305	L004 > L001 > L001 > L001 > L001 > L001	6	3	7:18	7:19	"[""L004"", ""L001"", ""L001"", ""L001"", ""L001"", ""L001""]"	candidate
P306	L004 > L001 > L001 > L001 > L003	5	3	4:8	4:8	"[""L004"", ""L001"", ""L001"", ""L001"", ""L003""]"	candidate
P307	L004 > L001 > L001 > L004	4	3	7:25	7:27	"[""L004"", ""L001"", ""L001"", ""L004""]"	candidate
P308	L004 > L001 > L001 > L006 > L005	5	3	10:11	10:12	"[""L004"", ""L001"", ""L001"", ""L006"", ""L005""]"	candidate
P309	L004 > L001 > L002 > L001 > L001	5	3	3:1	3:3	"[""L004"", ""L001"", ""L002"", ""L001"", ""L001""]"	candidate
P310	L004 > L001 > L004 > L002	4	3	12:21	12:23	"[""L004"", ""L001"", ""L004"", ""L002""]"	candidate
P311	L004 > L002 > L003	3	3	6:15	6:16	"[""L004"", ""L002"", ""L003""]"	candidate
P312	L004 > L002 > L006	3	3	8:9	8:10	"[""L004"", ""L002"", ""L006""]"	candidate
P313	L004 > L002 > L006 > L005	4	3	8:9	8:10	"[""L004"", ""L002"", ""L006"", ""L005""]"	candidate
P314	L004 > L002 > L006 > L005 > L001	5	3	8:9	8:11	"[""L004"", ""L002"", ""L006"", ""L005"", ""L001""]"	candidate
P315	L004 > L003 > L002 > L001 > L001	5	3	3:9	3:10	"[""L004"", ""L003"", ""L002"", ""L001"", ""L001""]"	candidate
P316	L004 > L003 > L002 > L001 > L001 > L001	6	3	3:9	3:11	"[""L004"", ""L003"", ""L002"", ""L001"", ""L001"", ""L001""]"	candidate
P317	L004 > L003 > L008	3	3	7:29	7:31	"[""L004"", ""L003"", ""L008""]"	candidate
P318	L004 > L004 > L001 > L001 > L001	5	3	6:10	6:11	"[""L004"", ""L004"", ""L001"", ""L001"", ""L001""]"	candidate
P319	L004 > L004 > L001 > L004	4	3	9:8	9:9	"[""L004"", ""L004"", ""L001"", ""L004""]"	candidate
P320	L004 > L004 > L003 > L005 > L004	5	3	7:21	7:22	"[""L004"", ""L004"", ""L003"", ""L005"", ""L004""]"	candidate
P321	L004 > L004 > L004 > L003	4	3	14:34	14:34	"[""L004"", ""L004"", ""L004"", ""L003""]"	candidate
P322	L004 > L004 > L004 > L004	4	3	15:10	15:11	"[""L004"", ""L004"", ""L004"", ""L004""]"	candidate
P323	L005 > L001 > L001 > L002	4	3	8:10	8:12	"[""L005"", ""L001"", ""L001"", ""L002""]"	candidate
P324	L005 > L001 > L001 > L004	4	3	1:18	1:19	"[""L005"", ""L001"", ""L001"", ""L004""]"	candidate
P325	L005 > L001 > L001 > L006 > L005	5	3	3:21	4:3	"[""L005"", ""L001"", ""L001"", ""L006"", ""L005""]"	candidate
P326	L005 > L001 > L002 > L006	4	3	3:15	3:16	"[""L005"", ""L001"", ""L002"", ""L006""]"	candidate
P327	L005 > L001 > L004	3	3	7:11	7:12	"[""L005"", ""L001"", ""L004""]"	candidate
P328	L005 > L001 > L006 > L005 > L001 > L006	6	3	3:13	3:14	"[""L005"", ""L001"", ""L006"", ""L005"", ""L001"", ""L006""]"	candidate
P329	L005 > L003 > L002 > L001	4	3	7:5	7:7	"[""L005"", ""L003"", ""L002"", ""L001""]"	candidate
P330	L005 > L004 > L001 > L004	4	3	12:21	12:22	"[""L005"", ""L004"", ""L001"", ""L004""]"	candidate
P331	L005 > L004 > L002	3	3	7:28	7:28	"[""L005"", ""L004"", ""L002""]"	candidate
P332	L005 > L006 > L005 > L006 > L007	5	3	1:27	1:29	"[""L005"", ""L006"", ""L005"", ""L006"", ""L007""]"	candidate
P333	L005 > L006 > L008	3	3	7:16	7:17	"[""L005"", ""L006"", ""L008""]"	candidate
P334	L006 > L002 > L003 > L002	4	3	4:13	4:15	"[""L006"", ""L002"", ""L003"", ""L002""]"	candidate
P335	L006 > L002 > L006 > L005	4	3	1:16	1:18	"[""L006"", ""L002"", ""L006"", ""L005""]"	candidate
P336	L006 > L003	2	3	9:10	9:11	"[""L006"", ""L003""]"	candidate
P337	L006 > L005 > L001 > L001 > L001 > L001	6	3	11:6	11:10	"[""L006"", ""L005"", ""L001"", ""L001"", ""L001"", ""L001""]"	candidate
P338	L006 > L005 > L001 > L001 > L002	5	3	8:10	8:12	"[""L006"", ""L005"", ""L001"", ""L001"", ""L002""]"	candidate
P339	L006 > L005 > L003 > L002	4	3	7:5	7:6	"[""L006"", ""L005"", ""L003"", ""L002""]"	candidate
P340	L006 > L005 > L003 > L005	4	3	1:21	1:22	"[""L006"", ""L005"", ""L003"", ""L005""]"	candidate
P341	L006 > L005 > L004 > L001	4	3	1:31	2:2	"[""L006"", ""L005"", ""L004"", ""L001""]"	candidate
P342	L006 > L005 > L004 > L001 > L001	5	3	1:31	2:3	"[""L006"", ""L005"", ""L004"", ""L001"", ""L001""]"	candidate
P343	L006 > L005 > L006 > L005 > L001	5	3	3:18	3:19	"[""L006"", ""L005"", ""L006"", ""L005"", ""L001""]"	candidate
P344	L006 > L005 > L006 > L005 > L001 > L001	6	3	3:18	3:20	"[""L006"", ""L005"", ""L006"", ""L005"", ""L001"", ""L001""]"	candidate
P345	L006 > L005 > L006 > L005 > L006	5	3	1:27	1:28	"[""L006"", ""L005"", ""L006"", ""L005"", ""L006""]"	candidate
P346	L006 > L007 > L005	3	3	8:2	8:3	"[""L006"", ""L007"", ""L005""]"	candidate
P347	L006 > L007 > L007	3	3	9:20	9:21	"[""L006"", ""L007"", ""L007""]"	candidate
P348	L006 > L007 > L007 > L005	4	3	9:20	9:22	"[""L006"", ""L007"", ""L007"", ""L005""]"	candidate
P349	L006 > L008 > L005	3	3	12:15	12:15	"[""L006"", ""L008"", ""L005""]"	candidate
P350	L006 > L008 > L007	3	3	7:16	7:17	"[""L006"", ""L008"", ""L007""]"	candidate
P351	L006 > L008 > L007 > L005	4	3	7:16	7:17	"[""L006"", ""L008"", ""L007"", ""L005""]"	candidate
P352	L007 > L002 > L003	3	3	5:7	5:8	"[""L007"", ""L002"", ""L003""]"	candidate
P353	L007 > L005 > L001	3	3	7:36	7:36	"[""L007"", ""L005"", ""L001""]"	candidate
P354	L007 > L005 > L004 > L004 > L001	5	3	7:17	7:18	"[""L007"", ""L005"", ""L004"", ""L004"", ""L001""]"	candidate
P355	L007 > L008	2	3	9:11	9:12	"[""L007"", ""L008""]"	candidate
P356	L008 > L002 > L001 > L001	4	3	14:14	14:15	"[""L008"", ""L002"", ""L001"", ""L001""]"	candidate
P357	L008 > L005 > L004	3	3	12:15	12:15	"[""L008"", ""L005"", ""L004""]"	candidate
P358	L008 > L007	2	3	7:17	7:17	"[""L008"", ""L007""]"	candidate
P359	L008 > L007 > L005	3	3	7:17	7:17	"[""L008"", ""L007"", ""L005""]"	candidate
