greek_span	nbla_span	count	first_seen	last_seen	alignment_types
θεοῦ	de dios	16	1cor 1:1	1corintios 7:40	expanded
ἐν	con	13	1cor 1:17	1cor 5:8	direct,expanded
δὲ	y	10	1cor 1:23	1corintios 7:40	direct,expanded
ἵνα	para que	10	1cor 1:15	1cor 5:7	expanded
ὁ	el que	10	1cor 1:31	1corintios 7:38	expanded
τῶν	de los	8	1cor 1:19	1cor 4:5	expanded
ἐν	entre	8	1cor 1:10	1cor 6:5	direct,expanded
δὲ	sin embargo	7	1cor 1:24	1corintios 7:28	expanded
καὶ	también	7	1cor 1:16	1cor 6:14	direct,expanded
ἰησοῦ	jesucristo	7	1cor 1:10	1cor 6:11	expanded,merged-forward
τὸν	al	6	1cor 2:8	1corintios 10:9	direct,expanded
ὑμῶν	de ustedes	6	1cor 1:12	1cor 6:1	expanded
καὶ	y que	5	1cor 1:10	1corintios 8:4	expanded
χριστοῦ	de cristo	5	1cor 1:12	1cor 6:15	expanded
ἕκαστος	cada uno	5	1cor 1:12	1corintios 7:20	expanded
ὡς	como a	5	1cor 3:1	1cor 4:9	expanded
γέγραπται	está escrito	4	1cor 1:19	1cor 4:6	expanded
οὐ	ni	4	1cor 1:26	1cor 6:10	expanded
τοὺς	a los que	4	1cor 1:21	1cor 6:4	expanded
ἀλλὰ	sino que	4	1cor 1:27	1corintios 9:27	expanded
δὲ	sino que	3	1cor 1:10	1cor 7:15	expanded
εἰ	excepto	3	1cor 1:14	1cor 7:5	direct,merged-forward
κατὰ	conforme a	3	1cor 1:26	1cor 3:8	expanded
καὶ	los que	3	1corintios 7:30	1corintios 7:31	expanded
κυρίου	del señor	3	1cor 1:3	1corintios 7:22	expanded
παύλου	de pablo	3	1cor 1:12	1cor 3:4	expanded
ποῦ	dónde está	3	1cor 1:20	1cor 1:20	expanded
τοῖς	a los	3	1cor 5:10	1cor 7:8	expanded
τοῖς	para los	3	1cor 1:18	1cor 6:13	expanded
τὰ	las cosas	3	1cor 2:14	1cor 4:5	expanded
τὰ	lo que	3	1cor 1:28	1cor 2:12	expanded
τὸ	su	3	1cor 5:5	1cor 6:19	expanded
τὸν	a	3	1cor 1:21	1corintios 8:3	direct,expanded
τῇ	el	3	1cor 1:8	1cor 5:5	direct,expanded
τῷ	a	3	1cor 1:4	1corintios 7:34	direct,expanded
τῷ	al	3	1cor 6:17	1corintios 7:35	direct,expanded
ἀλλʼ	sin embargo	3	1cor 4:15	1corintios 9:12	expanded
ἐξελέξατο	ha escogido	3	1cor 1:27	1cor 1:28	expanded
ὡς	como si	3	1cor 4:18	1corintios 7:30	expanded
βασιλείαν	el reino	2	1cor 6:10	1cor 6:9	expanded
γυνὴ	la mujer	2	1cor 7:13	1corintios 7:39	expanded
διὰ	mediante	2	1cor 1:21	1cor 6:14	direct,expanded
διὰ	por medio	2	1cor 2:10	1cor 4:15	expanded
διὰ	por qué	2	1cor 6:7	1cor 6:7	expanded
δὲ	otro	2	1cor 1:12	1cor 1:12	expanded
εἰ	sino	2	1cor 2:11	1cor 2:11	merged-forward
εἰς	contra	2	1cor 6:18	1corintios 8:12	direct,expanded
ζύμῃ	la levadura	2	1cor 5:8	1cor 5:8	expanded
καθὼς	tal como	2	1cor 1:31	1cor 4:17	expanded
καλὸν	que es bueno	2	1cor 7:8	1corintios 7:26	expanded
καὶ	aun	2	1cor 2:10	1cor 5:7	expanded
καὶ	lo	2	1cor 4:7	1cor 7:11	direct,expanded
καὶ	ni	2	1cor 2:9	1cor 2:9	expanded
καὶ	y si	2	1corintios 7:28	1corintios 7:36	expanded
κολλώμενος	se une	2	1cor 6:16	1cor 6:17	expanded
κυρίῳ	el señor	2	1cor 1:31	1cor 4:17	expanded
κύριος	señor que	2	1cor 7:10	1corintios 9:14	expanded
μὴ	que no anduvieran	2	1cor 5:11	1cor 5:9	expanded
νοῦν	la mente	2	1cor 2:16	1cor 2:16	expanded
οὕτως	como está	2	1corintios 7:26	1corintios 7:40	expanded
πάντα	todas las cosas	2	1cor 6:12	1cor 6:12	expanded
παρθένον	hija virgen	2	1corintios 7:36	1corintios 7:38	expanded
περὶ	en cuanto a	2	1cor 7:1	1corintios 8:1	expanded
σοφίας	de sabiduría	2	1cor 2:1	1cor 2:4	expanded
συνευδοκεῖ	consiente en	2	1cor 7:12	1cor 7:13	expanded
τί	por qué	2	1cor 4:7	1cor 5:12	expanded
τινες	algunos de ustedes	2	1cor 4:18	1cor 6:11	expanded
τινος	de alguien	2	1cor 3:14	1cor 3:15	expanded
τοὺς	a los	2	1cor 1:27	1cor 3:19	expanded
τοῦ	de la	2	1cor 1:18	1cor 1:21	expanded
τοῦ	sobre su	2	1cor 7:4	1cor 7:4	expanded
τὰ	los pensamientos	2	1cor 2:11	1cor 2:11	expanded
τὰ	por las cosas	2	1corintios 7:32	1corintios 7:33	expanded
τὰς	los	2	1cor 4:5	1corintios 10:18	direct,expanded
τὴν	el	2	1cor 1:19	1cor 4:19	expanded
τὸν	su	2	1cor 6:1	1cor 7:2	direct,expanded
τῇ	a la	2	1cor 1:2	1cor 7:5	expanded
τῇ	que	2	1cor 1:2	1cor 1:4	expanded
τῶν	que los	2	1cor 1:25	1cor 1:25	expanded
τῷ	en	2	1cor 5:3	1cor 5:3	expanded
τῷ	para el	2	1cor 4:9	1cor 6:13	expanded
τῷ	su	2	1cor 6:20	1cor 7:14	direct,expanded
ἀνθρώποις	los hombres	2	1cor 3:21	1cor 4:9	expanded
ἀνθρώπων	de los hombres	2	1cor 2:5	1corintios 7:23	expanded
ἀπολλῶ	de apolos	2	1cor 1:12	1cor 3:4	expanded
ἀπὸ	de parte de	2	1cor 1:3	1cor 4:5	expanded
ἄπιστος	no es creyente	2	1cor 7:14	1cor 7:14	expanded
ἐβαπτίσθητε	fueron bautizados	2	1cor 1:13	1cor 1:15	expanded
ἐγενήθημεν	hemos llegado a ser	2	1cor 4:13	1cor 4:9	expanded
ἐν	de	2	1cor 3:18	1cor 4:2	expanded
ἐν	por	2	1cor 4:4	1cor 6:2	expanded
ἐν	por medio de	2	1cor 7:14	1cor 7:14	expanded
ἐξουσιάζει	tiene autoridad	2	1cor 7:4	1cor 7:4	expanded
ἑκάστου	de cada uno	2	1cor 3:13	1cor 3:13	expanded
ἔξεστιν	son lícitas	2	1cor 6:12	1cor 6:12	expanded
ἡμεῖς	nosotros somos	2	1cor 4:10	1cor 4:10	expanded
ἴδιον	su propio	2	1cor 3:8	1cor 7:7	expanded
ἵνα	a fin de que	2	1cor 5:5	1cor 7:5	expanded
ὁ	dios	2	1cor 7:15	1corintios 7:17	merged-forward
ὁ	el que fue llamado	2	1corintios 7:22	1corintios 7:22	expanded
ὁ	que	2	1cor 3:7	1cor 7:14	direct,expanded
ὃς	el cual	2	1cor 1:30	1cor 4:5	expanded
ὃς	él	2	1cor 1:8	1cor 4:17	expanded
ὅλως	en efecto	2	1cor 5:1	1cor 6:7	expanded
ὥστε	así que	2	1cor 3:21	1cor 3:7	expanded
ὥστε	por tanto	2	1cor 4:5	1cor 5:8	expanded
