stream_index	book	chapter	verse	predication_id	finite_verb	finite_compact	subject_status	subject_source	subject_refinement_status	subject_refinement_source	subject_inherited_from	independence_status	subordination_status	prev_2	prev_1	current	next_1	next_2
11	1corintios	1	11	1corintios-1-11-P02	εἰσιν	V-PAI-3P	candidate	nearest_agreeing_nominative_no_visible_boundary	unresolved	no_valid_inheritance		unresolved	candidate	idx=9 | ref=1:10 | pid=1corintios-1-10-P04 | verb=ἦτε | compact=V-PAS-2P | subj=2P | src=finite_verb_morphology | refine=explicit_or_morphological | reason=finite_verb_morphology | ind=candidate | subord=not_detected	idx=10 | ref=1:11 | pid=1corintios-1-11-P01 | verb=ἐδηλώθη | compact=V-API-3S | subj=3S | src=finite_verb_morphology | refine=explicit_or_morphological | reason=finite_verb_morphology | ind=candidate | subord=not_detected	idx=11 | ref=1:11 | pid=1corintios-1-11-P02 | verb=εἰσιν | compact=V-PAI-3P | subj=-- | src=nearest_agreeing_nominative_no_visible_boundary | refine=unresolved | reason=no_valid_inheritance | ind=unresolved | subord=candidate	idx=12 | ref=1:12 | pid=1corintios-1-12-P01 | verb=λέγω | compact=V-PAI-1S | subj=1S | src=finite_verb_morphology | refine=explicit_or_morphological | reason=finite_verb_morphology | ind=candidate | subord=not_detected	idx=13 | ref=1:12 | pid=1corintios-1-12-P02 | verb=λέγει | compact=V-PAI-3S | subj=-- | src=nearest_agreeing_nominative_no_visible_boundary | refine=unresolved | reason=no_valid_inheritance | ind=unresolved | subord=candidate
13	1corintios	1	12	1corintios-1-12-P02	λέγει	V-PAI-3S	candidate	nearest_agreeing_nominative_no_visible_boundary	unresolved	no_valid_inheritance		unresolved	candidate	idx=11 | ref=1:11 | pid=1corintios-1-11-P02 | verb=εἰσιν | compact=V-PAI-3P | subj=-- | src=nearest_agreeing_nominative_no_visible_boundary | refine=unresolved | reason=no_valid_inheritance | ind=unresolved | subord=candidate	idx=12 | ref=1:12 | pid=1corintios-1-12-P01 | verb=λέγω | compact=V-PAI-1S | subj=1S | src=finite_verb_morphology | refine=explicit_or_morphological | reason=finite_verb_morphology | ind=candidate | subord=not_detected	idx=13 | ref=1:12 | pid=1corintios-1-12-P02 | verb=λέγει | compact=V-PAI-3S | subj=-- | src=nearest_agreeing_nominative_no_visible_boundary | refine=unresolved | reason=no_valid_inheritance | ind=unresolved | subord=candidate	idx=14 | ref=1:12 | pid=1corintios-1-12-P03 | verb=εἰμι | compact=V-PAI-1S | subj=1S | src=finite_verb_morphology | refine=explicit_or_morphological | reason=finite_verb_morphology | ind=candidate | subord=not_detected	idx=15 | ref=1:13 | pid=1corintios-1-13-P01 | verb=μεμέρισται | compact=V-XPI-3S | subj=3S | src=finite_verb_morphology | refine=explicit_or_morphological | reason=finite_verb_morphology | ind=candidate | subord=not_detected
54	1corintios	2	5	1corintios-2-5-P01	ᾖ	V-PAS-3S	candidate	nearest_agreeing_nominative_no_visible_boundary	unresolved	no_valid_inheritance		unresolved	candidate	idx=52 | ref=2:2 | pid=1corintios-2-2-P01 | verb=ἔκρινά | compact=V-AAI-1S | subj=1S | src=finite_verb_morphology | refine=explicit_or_morphological | reason=finite_verb_morphology | ind=candidate | subord=not_detected	idx=53 | ref=2:3 | pid=1corintios-2-3-P01 | verb=ἐγενόμην | compact=V-AMI-1S | subj=1S | src=finite_verb_morphology | refine=explicit_or_morphological | reason=finite_verb_morphology | ind=candidate | subord=not_detected	idx=54 | ref=2:5 | pid=1corintios-2-5-P01 | verb=ᾖ | compact=V-PAS-3S | subj=-- | src=nearest_agreeing_nominative_no_visible_boundary | refine=unresolved | reason=no_valid_inheritance | ind=unresolved | subord=candidate	idx=55 | ref=2:6 | pid=1corintios-2-6-P01 | verb=λαλοῦμεν | compact=V-PAI-1P | subj=1P | src=finite_verb_morphology | refine=explicit_or_morphological | reason=finite_verb_morphology | ind=candidate | subord=not_detected	idx=56 | ref=2:7 | pid=1corintios-2-7-P01 | verb=λαλοῦμεν | compact=V-PAI-1P | subj=1P | src=finite_verb_morphology | refine=explicit_or_morphological | reason=finite_verb_morphology | ind=candidate | subord=not_detected
69	1corintios	2	11	1corintios-2-11-P02	ἔγνωκεν	V-XAI-3S	candidate	nearest_agreeing_nominative_no_visible_boundary	unresolved	no_valid_inheritance		unresolved	candidate	idx=67 | ref=2:10 | pid=1corintios-2-10-P02 | verb=ἐραυνᾷ | compact=V-PAI-3S | subj=3S | src=nearest_agreeing_nominative_no_visible_boundary | refine=inherited | reason=inheritance_allowed | ind=candidate | subord=not_detected	idx=68 | ref=2:11 | pid=1corintios-2-11-P01 | verb=οἶδεν | compact=V-XAI-3S | subj=3S | src=finite_verb_morphology | refine=explicit_or_morphological | reason=finite_verb_morphology | ind=candidate | subord=not_detected	idx=69 | ref=2:11 | pid=1corintios-2-11-P02 | verb=ἔγνωκεν | compact=V-XAI-3S | subj=-- | src=nearest_agreeing_nominative_no_visible_boundary | refine=unresolved | reason=no_valid_inheritance | ind=unresolved | subord=candidate	idx=70 | ref=2:12 | pid=1corintios-2-12-P01 | verb=ἐλάβομεν | compact=V-AAI-1P | subj=1P | src=finite_verb_morphology | refine=explicit_or_morphological | reason=finite_verb_morphology | ind=candidate | subord=not_detected	idx=71 | ref=2:12 | pid=1corintios-2-12-P02 | verb=εἰδῶμεν | compact=V-XAS-1P | subj=1P | src=finite_verb_morphology | refine=explicit_or_morphological | reason=finite_verb_morphology | ind=unresolved | subord=candidate
95	1corintios	3	5	1corintios-3-5-P04	ἔδωκεν	V-AAI-3S	candidate	nearest_agreeing_nominative_no_visible_boundary	unresolved	no_valid_inheritance		unresolved	candidate	idx=93 | ref=3:5 | pid=1corintios-3-5-P02 | verb=ἐστιν | compact=V-PAI-3S | subj=3S | src=finite_verb_morphology | refine=explicit_or_morphological | reason=finite_verb_morphology | ind=candidate | subord=not_detected	idx=94 | ref=3:5 | pid=1corintios-3-5-P03 | verb=ἐπιστεύσατε | compact=V-AAI-2P | subj=2P | src=finite_verb_morphology | refine=explicit_or_morphological | reason=finite_verb_morphology | ind=candidate | subord=not_detected	idx=95 | ref=3:5 | pid=1corintios-3-5-P04 | verb=ἔδωκεν | compact=V-AAI-3S | subj=-- | src=nearest_agreeing_nominative_no_visible_boundary | refine=unresolved | reason=no_valid_inheritance | ind=unresolved | subord=candidate	idx=96 | ref=3:6 | pid=1corintios-3-6-P01 | verb=ἐφύτευσα | compact=V-AAI-1S | subj=1S | src=finite_verb_morphology | refine=explicit_or_morphological | reason=finite_verb_morphology | ind=candidate | subord=not_detected	idx=97 | ref=3:6 | pid=1corintios-3-6-P02 | verb=ἐπότισεν | compact=V-AAI-3S | subj=1S | src=nearest_agreeing_nominative_no_visible_boundary | refine=inherited | reason=inheritance_allowed | ind=candidate | subord=not_detected
99	1corintios	3	7	1corintios-3-7-P01	ἐστίν	V-PAI-3S	candidate	nearest_agreeing_nominative_no_visible_boundary	unresolved	no_valid_inheritance		unresolved	candidate	idx=97 | ref=3:6 | pid=1corintios-3-6-P02 | verb=ἐπότισεν | compact=V-AAI-3S | subj=1S | src=nearest_agreeing_nominative_no_visible_boundary | refine=inherited | reason=inheritance_allowed | ind=candidate | subord=not_detected	idx=98 | ref=3:6 | pid=1corintios-3-6-P03 | verb=ηὔξανεν | compact=V-IAI-3S | subj=1S | src=nearest_agreeing_nominative_no_visible_boundary | refine=inherited | reason=inheritance_allowed | ind=candidate | subord=not_detected	idx=99 | ref=3:7 | pid=1corintios-3-7-P01 | verb=ἐστίν | compact=V-PAI-3S | subj=-- | src=nearest_agreeing_nominative_no_visible_boundary | refine=unresolved | reason=no_valid_inheritance | ind=unresolved | subord=candidate	idx=100 | ref=3:8 | pid=1corintios-3-8-P01 | verb=εἰσιν | compact=V-PAI-3P | subj=3P | src=finite_verb_morphology | refine=explicit_or_morphological | reason=finite_verb_morphology | ind=candidate | subord=not_detected	idx=101 | ref=3:8 | pid=1corintios-3-8-P02 | verb=λήμψεται | compact=V-FMI-3S | subj=3S | src=finite_verb_morphology | refine=explicit_or_morphological | reason=finite_verb_morphology | ind=candidate | subord=not_detected
110	1corintios	3	12	1corintios-3-12-P01	ἐποικοδομεῖ	V-PAI-3S	candidate	nearest_agreeing_nominative_no_visible_boundary	unresolved	no_valid_inheritance		unresolved	candidate	idx=108 | ref=3:11 | pid=1corintios-3-11-P01 | verb=δύναται | compact=V-PMI-3S | subj=3S | src=nearest_agreeing_nominative_no_visible_boundary | refine=inherited | reason=inheritance_allowed | ind=candidate | subord=not_detected	idx=109 | ref=3:11 | pid=1corintios-3-11-P02 | verb=ἐστιν | compact=V-PAI-3S | subj=3S | src=nearest_agreeing_nominative_no_visible_boundary | refine=inherited | reason=inheritance_allowed | ind=candidate | subord=not_detected	idx=110 | ref=3:12 | pid=1corintios-3-12-P01 | verb=ἐποικοδομεῖ | compact=V-PAI-3S | subj=-- | src=nearest_agreeing_nominative_no_visible_boundary | refine=unresolved | reason=no_valid_inheritance | ind=unresolved | subord=candidate	idx=111 | ref=3:13 | pid=1corintios-3-13-P01 | verb=γενήσεται | compact=V-FMI-3S | subj=3S | src=nearest_agreeing_nominative_no_visible_boundary | refine=inherited | reason=inheritance_allowed | ind=candidate | subord=not_detected	idx=112 | ref=3:13 | pid=1corintios-3-13-P02 | verb=δηλώσει | compact=V-FAI-3S | subj=3S | src=nearest_agreeing_nominative_no_visible_boundary | refine=inherited | reason=inheritance_allowed | ind=candidate | subord=not_detected
130	1corintios	3	18	1corintios-3-18-P02	δοκεῖ	V-PAI-3S	candidate	nearest_agreeing_nominative_no_visible_boundary	unresolved	no_valid_inheritance		unresolved	candidate	idx=128 | ref=3:17 | pid=1corintios-3-17-P04 | verb=ἐστε | compact=V-PAI-2P | subj=2P | src=finite_verb_morphology | refine=explicit_or_morphological | reason=finite_verb_morphology | ind=candidate | subord=not_detected	idx=129 | ref=3:18 | pid=1corintios-3-18-P01 | verb=ἐξαπατάτω | compact=V-PAD-3S | subj=2P | src=nearest_agreeing_nominative_no_visible_boundary | refine=inherited | reason=inheritance_allowed | ind=candidate | subord=not_detected	idx=130 | ref=3:18 | pid=1corintios-3-18-P02 | verb=δοκεῖ | compact=V-PAI-3S | subj=-- | src=nearest_agreeing_nominative_no_visible_boundary | refine=unresolved | reason=no_valid_inheritance | ind=unresolved | subord=candidate	idx=131 | ref=3:18 | pid=1corintios-3-18-P03 | verb=γενέσθω | compact=V-AMD-3S | subj=2P | src=nearest_agreeing_nominative_no_visible_boundary | refine=inherited | reason=inheritance_allowed | ind=candidate | subord=not_detected	idx=132 | ref=3:18 | pid=1corintios-3-18-P04 | verb=γένηται | compact=V-AMS-3S | subj=3S | src=finite_verb_morphology | refine=explicit_or_morphological | reason=finite_verb_morphology | ind=unresolved | subord=candidate
141	1corintios	4	2	1corintios-4-2-P02	εὑρεθῇ	V-APS-3S	candidate	nearest_agreeing_nominative_no_visible_boundary	unresolved	no_valid_inheritance		unresolved	candidate	idx=139 | ref=4:1 | pid=1corintios-4-1-P01 | verb=λογιζέσθω | compact=V-PMD-3S | subj=3S | src=finite_verb_morphology | refine=explicit_or_morphological | reason=finite_verb_morphology | ind=candidate | subord=not_detected	idx=140 | ref=4:2 | pid=1corintios-4-2-P01 | verb=ζητεῖται | compact=V-PPI-3S | subj=3S | src=finite_verb_morphology | refine=explicit_or_morphological | reason=finite_verb_morphology | ind=candidate | subord=not_detected	idx=141 | ref=4:2 | pid=1corintios-4-2-P02 | verb=εὑρεθῇ | compact=V-APS-3S | subj=-- | src=nearest_agreeing_nominative_no_visible_boundary | refine=unresolved | reason=no_valid_inheritance | ind=unresolved | subord=candidate	idx=142 | ref=4:3 | pid=1corintios-4-3-P01 | verb=ἐστιν | compact=V-PAI-3S | subj=3S | src=finite_verb_morphology | refine=explicit_or_morphological | reason=finite_verb_morphology | ind=candidate | subord=not_detected	idx=143 | ref=4:3 | pid=1corintios-4-3-P02 | verb=ἀνακριθῶ | compact=V-APS-1S | subj=1S | src=finite_verb_morphology | refine=explicit_or_morphological | reason=finite_verb_morphology | ind=unresolved | subord=candidate
217	1corintios	6	2	1corintios-6-2-P02	κρινοῦσιν	V-FAI-3P	candidate	nearest_agreeing_nominative_no_visible_boundary	unresolved	no_valid_inheritance		unresolved	candidate	idx=215 | ref=6:1 | pid=1corintios-6-1-P01 | verb=τολμᾷ | compact=V-PAI-3S | subj=3S | src=finite_verb_morphology | refine=explicit_or_morphological | reason=finite_verb_morphology | ind=candidate | subord=not_detected	idx=216 | ref=6:2 | pid=1corintios-6-2-P01 | verb=οἴδατε | compact=V-XAI-2P | subj=2P | src=finite_verb_morphology | refine=explicit_or_morphological | reason=finite_verb_morphology | ind=candidate | subord=not_detected	idx=217 | ref=6:2 | pid=1corintios-6-2-P02 | verb=κρινοῦσιν | compact=V-FAI-3P | subj=-- | src=nearest_agreeing_nominative_no_visible_boundary | refine=unresolved | reason=no_valid_inheritance | ind=unresolved | subord=candidate	idx=218 | ref=6:2 | pid=1corintios-6-2-P03 | verb=κρίνεται | compact=V-PPI-3S | subj=3S | src=finite_verb_morphology | refine=explicit_or_morphological | reason=finite_verb_morphology | ind=unresolved | subord=candidate	idx=219 | ref=6:2 | pid=1corintios-6-2-P04 | verb=ἐστε | compact=V-PAI-2P | subj=2P | src=finite_verb_morphology | refine=explicit_or_morphological | reason=finite_verb_morphology | ind=candidate | subord=not_detected
235	1corintios	6	9	1corintios-6-9-P02	κληρονομήσουσιν	V-FAI-3P	candidate	nearest_agreeing_nominative_no_visible_boundary	unresolved	no_valid_inheritance		unresolved	candidate	idx=233 | ref=6:8 | pid=1corintios-6-8-P02 | verb=ἀποστερεῖτε | compact=V-PAI-2P | subj=2P | src=finite_verb_morphology | refine=explicit_or_morphological | reason=finite_verb_morphology | ind=candidate | subord=not_detected	idx=234 | ref=6:9 | pid=1corintios-6-9-P01 | verb=οἴδατε | compact=V-XAI-2P | subj=2P | src=finite_verb_morphology | refine=explicit_or_morphological | reason=finite_verb_morphology | ind=candidate | subord=not_detected	idx=235 | ref=6:9 | pid=1corintios-6-9-P02 | verb=κληρονομήσουσιν | compact=V-FAI-3P | subj=-- | src=nearest_agreeing_nominative_no_visible_boundary | refine=unresolved | reason=no_valid_inheritance | ind=unresolved | subord=candidate	idx=236 | ref=6:9 | pid=1corintios-6-9-P03 | verb=πλανᾶσθε | compact=V-PPD-2P | subj=2P | src=finite_verb_morphology | refine=explicit_or_morphological | reason=finite_verb_morphology | ind=candidate | subord=not_detected	idx=237 | ref=6:10 | pid=1corintios-6-10-P01 | verb=κληρονομήσουσιν | compact=V-FAI-3P | subj=2P | src=nearest_agreeing_nominative_no_visible_boundary | refine=inherited | reason=inheritance_allowed | ind=candidate | subord=not_detected
250	1corintios	6	15	1corintios-6-15-P02	ἐστιν	V-PAI-3S	candidate	nearest_agreeing_nominative_no_visible_boundary	unresolved	no_valid_inheritance		unresolved	candidate	idx=248 | ref=6:14 | pid=1corintios-6-14-P02 | verb=ἐξεγερεῖ | compact=V-FAI-3S | subj=3S | src=finite_verb_morphology | refine=explicit_or_morphological | reason=finite_verb_morphology | ind=candidate | subord=not_detected	idx=249 | ref=6:15 | pid=1corintios-6-15-P01 | verb=οἴδατε | compact=V-XAI-2P | subj=2P | src=finite_verb_morphology | refine=explicit_or_morphological | reason=finite_verb_morphology | ind=candidate | subord=not_detected	idx=250 | ref=6:15 | pid=1corintios-6-15-P02 | verb=ἐστιν | compact=V-PAI-3S | subj=-- | src=nearest_agreeing_nominative_no_visible_boundary | refine=unresolved | reason=no_valid_inheritance | ind=unresolved | subord=candidate	idx=251 | ref=6:15 | pid=1corintios-6-15-P03 | verb=ποιήσω | compact=V-AAS-1S | subj=1S | src=finite_verb_morphology | refine=explicit_or_morphological | reason=finite_verb_morphology | ind=candidate | subord=not_detected	idx=252 | ref=6:15 | pid=1corintios-6-15-P04 | verb=γένοιτο | compact=V-AMO-3S | subj=3S | src=finite_verb_morphology | refine=explicit_or_morphological | reason=finite_verb_morphology | ind=candidate | subord=not_detected
254	1corintios	6	16	1corintios-6-16-P02	ἐστιν	V-PAI-3S	candidate	nearest_agreeing_nominative_no_visible_boundary	unresolved	no_valid_inheritance		unresolved	candidate	idx=252 | ref=6:15 | pid=1corintios-6-15-P04 | verb=γένοιτο | compact=V-AMO-3S | subj=3S | src=finite_verb_morphology | refine=explicit_or_morphological | reason=finite_verb_morphology | ind=candidate | subord=not_detected	idx=253 | ref=6:16 | pid=1corintios-6-16-P01 | verb=οἴδατε | compact=V-XAI-2P | subj=2P | src=finite_verb_morphology | refine=explicit_or_morphological | reason=finite_verb_morphology | ind=candidate | subord=not_detected	idx=254 | ref=6:16 | pid=1corintios-6-16-P02 | verb=ἐστιν | compact=V-PAI-3S | subj=-- | src=nearest_agreeing_nominative_no_visible_boundary | refine=unresolved | reason=no_valid_inheritance | ind=unresolved | subord=candidate	idx=255 | ref=6:16 | pid=1corintios-6-16-P03 | verb=ἔσονται | compact=V-FMI-3P | subj=3P | src=finite_verb_morphology | refine=explicit_or_morphological | reason=finite_verb_morphology | ind=candidate | subord=not_detected	idx=256 | ref=6:16 | pid=1corintios-6-16-P04 | verb=φησίν | compact=V-PAI-3S | subj=3S | src=finite_verb_morphology | refine=explicit_or_morphological | reason=finite_verb_morphology | ind=candidate | subord=not_detected
259	1corintios	6	18	1corintios-6-18-P02	ποιήσῃ	V-AAS-3S	candidate	nearest_agreeing_nominative_no_visible_boundary	unresolved	no_valid_inheritance		unresolved	candidate	idx=257 | ref=6:17 | pid=1corintios-6-17-P01 | verb=ἐστιν | compact=V-PAI-3S | subj=3S | src=nearest_agreeing_nominative_no_visible_boundary | refine=inherited | reason=inheritance_allowed | ind=candidate | subord=not_detected	idx=258 | ref=6:18 | pid=1corintios-6-18-P01 | verb=φεύγετε | compact=V-PAD-2P | subj=2P | src=finite_verb_morphology | refine=explicit_or_morphological | reason=finite_verb_morphology | ind=candidate | subord=not_detected	idx=259 | ref=6:18 | pid=1corintios-6-18-P02 | verb=ποιήσῃ | compact=V-AAS-3S | subj=-- | src=nearest_agreeing_nominative_no_visible_boundary | refine=unresolved | reason=no_valid_inheritance | ind=unresolved | subord=candidate	idx=260 | ref=6:18 | pid=1corintios-6-18-P03 | verb=ἐστιν | compact=V-PAI-3S | subj=2P | src=nearest_agreeing_nominative_no_visible_boundary | refine=inherited | reason=inheritance_allowed | ind=candidate | subord=not_detected	idx=261 | ref=6:18 | pid=1corintios-6-18-P04 | verb=ἁμαρτάνει | compact=V-PAI-3S | subj=3S | src=finite_verb_morphology | refine=explicit_or_morphological | reason=finite_verb_morphology | ind=candidate | subord=not_detected
263	1corintios	6	19	1corintios-6-19-P02	ἐστιν	V-PAI-3S	candidate	nearest_agreeing_nominative_no_visible_boundary	unresolved	no_valid_inheritance		unresolved	candidate	idx=261 | ref=6:18 | pid=1corintios-6-18-P04 | verb=ἁμαρτάνει | compact=V-PAI-3S | subj=3S | src=finite_verb_morphology | refine=explicit_or_morphological | reason=finite_verb_morphology | ind=candidate | subord=not_detected	idx=262 | ref=6:19 | pid=1corintios-6-19-P01 | verb=οἴδατε | compact=V-XAI-2P | subj=2P | src=finite_verb_morphology | refine=explicit_or_morphological | reason=finite_verb_morphology | ind=candidate | subord=not_detected	idx=263 | ref=6:19 | pid=1corintios-6-19-P02 | verb=ἐστιν | compact=V-PAI-3S | subj=-- | src=nearest_agreeing_nominative_no_visible_boundary | refine=unresolved | reason=no_valid_inheritance | ind=unresolved | subord=candidate	idx=264 | ref=6:19 | pid=1corintios-6-19-P03 | verb=ἔχετε | compact=V-PAI-2P | subj=2P | src=finite_verb_morphology | refine=explicit_or_morphological | reason=finite_verb_morphology | ind=candidate | subord=not_detected	idx=265 | ref=6:19 | pid=1corintios-6-19-P04 | verb=ἐστὲ | compact=V-PAI-2P | subj=2P | src=finite_verb_morphology | refine=explicit_or_morphological | reason=finite_verb_morphology | ind=candidate | subord=not_detected
291	1corintios	7	12	1corintios-7-12-P02	ἔχει	V-PAI-3S	candidate	nearest_agreeing_nominative_no_visible_boundary	unresolved	no_valid_inheritance		unresolved	candidate	idx=289 | ref=7:11 | pid=1corintios-7-11-P03 | verb=καταλλαγήτω— | compact=V-APD-3S | subj=3S | src=finite_verb_morphology | refine=explicit_or_morphological | reason=finite_verb_morphology | ind=candidate | subord=not_detected	idx=290 | ref=7:12 | pid=1corintios-7-12-P01 | verb=λέγω | compact=V-PAI-1S | subj=1S | src=finite_verb_morphology | refine=explicit_or_morphological | reason=finite_verb_morphology | ind=candidate | subord=not_detected	idx=291 | ref=7:12 | pid=1corintios-7-12-P02 | verb=ἔχει | compact=V-PAI-3S | subj=-- | src=nearest_agreeing_nominative_no_visible_boundary | refine=unresolved | reason=no_valid_inheritance | ind=unresolved | subord=candidate	idx=292 | ref=7:12 | pid=1corintios-7-12-P03 | verb=συνευδοκεῖ | compact=V-PAI-3S | subj=1S | src=nearest_agreeing_nominative_no_visible_boundary | refine=inherited | reason=inheritance_allowed | ind=candidate | subord=not_detected	idx=293 | ref=7:12 | pid=1corintios-7-12-P04 | verb=ἀφιέτω | compact=V-PAD-3S | subj=3S | src=finite_verb_morphology | refine=explicit_or_morphological | reason=finite_verb_morphology | ind=candidate | subord=not_detected
294	1corintios	7	13	1corintios-7-13-P01	ἔχει	V-PAI-3S	candidate	nearest_agreeing_nominative_no_visible_boundary	unresolved	no_valid_inheritance		unresolved	candidate	idx=292 | ref=7:12 | pid=1corintios-7-12-P03 | verb=συνευδοκεῖ | compact=V-PAI-3S | subj=1S | src=nearest_agreeing_nominative_no_visible_boundary | refine=inherited | reason=inheritance_allowed | ind=candidate | subord=not_detected	idx=293 | ref=7:12 | pid=1corintios-7-12-P04 | verb=ἀφιέτω | compact=V-PAD-3S | subj=3S | src=finite_verb_morphology | refine=explicit_or_morphological | reason=finite_verb_morphology | ind=candidate | subord=not_detected	idx=294 | ref=7:13 | pid=1corintios-7-13-P01 | verb=ἔχει | compact=V-PAI-3S | subj=-- | src=nearest_agreeing_nominative_no_visible_boundary | refine=unresolved | reason=no_valid_inheritance | ind=unresolved | subord=candidate	idx=295 | ref=7:13 | pid=1corintios-7-13-P02 | verb=συνευδοκεῖ | compact=V-PAI-3S | subj=3S | src=nearest_agreeing_nominative_no_visible_boundary | refine=inherited | reason=inheritance_allowed | ind=candidate | subord=not_detected	idx=296 | ref=7:13 | pid=1corintios-7-13-P03 | verb=ἀφιέτω | compact=V-PAD-3S | subj=3S | src=finite_verb_morphology | refine=explicit_or_morphological | reason=finite_verb_morphology | ind=candidate | subord=not_detected
299	1corintios	7	14	1corintios-7-14-P03	ἐστιν	V-PAI-3S	candidate	nearest_agreeing_nominative_no_visible_boundary	unresolved	no_valid_inheritance		unresolved	candidate	idx=297 | ref=7:14 | pid=1corintios-7-14-P01 | verb=ἡγίασται | compact=V-XPI-3S | subj=3S | src=finite_verb_morphology | refine=explicit_or_morphological | reason=finite_verb_morphology | ind=candidate | subord=not_detected	idx=298 | ref=7:14 | pid=1corintios-7-14-P02 | verb=ἡγίασται | compact=V-XPI-3S | subj=3S | src=finite_verb_morphology | refine=explicit_or_morphological | reason=finite_verb_morphology | ind=candidate | subord=not_detected	idx=299 | ref=7:14 | pid=1corintios-7-14-P03 | verb=ἐστιν | compact=V-PAI-3S | subj=-- | src=nearest_agreeing_nominative_no_visible_boundary | refine=unresolved | reason=no_valid_inheritance | ind=unresolved | subord=candidate	idx=300 | ref=7:14 | pid=1corintios-7-14-P04 | verb=ἐστιν | compact=V-PAI-3S | subj=3S | src=nearest_agreeing_nominative_no_visible_boundary | refine=inherited | reason=inheritance_allowed | ind=candidate | subord=not_detected	idx=301 | ref=7:15 | pid=1corintios-7-15-P01 | verb=χωρίζεται | compact=V-PPI-3S | subj=-- | src=nearest_agreeing_nominative_no_visible_boundary | refine=unresolved | reason=no_valid_inheritance | ind=unresolved | subord=candidate
301	1corintios	7	15	1corintios-7-15-P01	χωρίζεται	V-PPI-3S	candidate	nearest_agreeing_nominative_no_visible_boundary	unresolved	no_valid_inheritance		unresolved	candidate	idx=299 | ref=7:14 | pid=1corintios-7-14-P03 | verb=ἐστιν | compact=V-PAI-3S | subj=-- | src=nearest_agreeing_nominative_no_visible_boundary | refine=unresolved | reason=no_valid_inheritance | ind=unresolved | subord=candidate	idx=300 | ref=7:14 | pid=1corintios-7-14-P04 | verb=ἐστιν | compact=V-PAI-3S | subj=3S | src=nearest_agreeing_nominative_no_visible_boundary | refine=inherited | reason=inheritance_allowed | ind=candidate | subord=not_detected	idx=301 | ref=7:15 | pid=1corintios-7-15-P01 | verb=χωρίζεται | compact=V-PPI-3S | subj=-- | src=nearest_agreeing_nominative_no_visible_boundary | refine=unresolved | reason=no_valid_inheritance | ind=unresolved | subord=candidate	idx=302 | ref=7:15 | pid=1corintios-7-15-P02 | verb=χωριζέσθω | compact=V-PPD-3S | subj=3S | src=finite_verb_morphology | refine=explicit_or_morphological | reason=finite_verb_morphology | ind=candidate | subord=not_detected	idx=303 | ref=7:15 | pid=1corintios-7-15-P03 | verb=δεδούλωται | compact=V-XPI-3S | subj=3S | src=finite_verb_morphology | refine=explicit_or_morphological | reason=finite_verb_morphology | ind=candidate | subord=not_detected
311	1corintios	7	17	1corintios-7-17-P03	περιπατείτω	V-PAD-3S	candidate	nearest_agreeing_nominative_no_visible_boundary	unresolved	no_valid_inheritance		candidate	not_detected	idx=309 | ref=7:17 | pid=1corintios-7-17-P01 | verb=ἐμέρισεν | compact=V-AAI-3S | subj=3S | src=finite_verb_morphology | refine=explicit_or_morphological | reason=finite_verb_morphology | ind=unresolved | subord=candidate	idx=310 | ref=7:17 | pid=1corintios-7-17-P02 | verb=κέκληκεν | compact=V-XAI-3S | subj=3S | src=nearest_agreeing_nominative_no_visible_boundary | refine=inherited | reason=inheritance_allowed | ind=unresolved | subord=candidate	idx=311 | ref=7:17 | pid=1corintios-7-17-P03 | verb=περιπατείτω | compact=V-PAD-3S | subj=-- | src=nearest_agreeing_nominative_no_visible_boundary | refine=unresolved | reason=no_valid_inheritance | ind=candidate | subord=not_detected	idx=312 | ref=7:17 | pid=1corintios-7-17-P04 | verb=διατάσσομαι | compact=V-PMI-1S | subj=1S | src=finite_verb_morphology | refine=explicit_or_morphological | reason=finite_verb_morphology | ind=candidate | subord=not_detected	idx=313 | ref=7:18 | pid=1corintios-7-18-P01 | verb=ἐκλήθη; | compact=V-API-3S | subj=1S | src=nearest_agreeing_nominative_no_visible_boundary | refine=inherited | reason=inheritance_allowed | ind=candidate | subord=not_detected
346	1corintios	7	29	1corintios-7-29-P03	ὦσιν	V-PAS-3P	candidate	nearest_agreeing_nominative_no_visible_boundary	unresolved	no_valid_inheritance		unresolved	candidate	idx=344 | ref=7:29 | pid=1corintios-7-29-P01 | verb=φημι | compact=V-PAI-1S | subj=1S | src=finite_verb_morphology | refine=explicit_or_morphological | reason=finite_verb_morphology | ind=candidate | subord=not_detected	idx=345 | ref=7:29 | pid=1corintios-7-29-P02 | verb=ἐστίν | compact=V-PAI-3S | subj=1S | src=nearest_agreeing_nominative_no_visible_boundary | refine=inherited | reason=inheritance_allowed | ind=candidate | subord=not_detected	idx=346 | ref=7:29 | pid=1corintios-7-29-P03 | verb=ὦσιν | compact=V-PAS-3P | subj=-- | src=nearest_agreeing_nominative_no_visible_boundary | refine=unresolved | reason=no_valid_inheritance | ind=unresolved | subord=candidate	idx=347 | ref=7:31 | pid=1corintios-7-31-P01 | verb=παράγει | compact=V-PAI-3S | subj=3S | src=finite_verb_morphology | refine=explicit_or_morphological | reason=finite_verb_morphology | ind=unresolved | subord=candidate	idx=348 | ref=7:32 | pid=1corintios-7-32-P01 | verb=θέλω | compact=V-PAI-1S | subj=1S | src=finite_verb_morphology | refine=explicit_or_morphological | reason=finite_verb_morphology | ind=candidate | subord=not_detected
371	1corintios	7	38	1corintios-7-38-P01	ποιεῖ	V-PAI-3S	candidate	nearest_agreeing_nominative_no_visible_boundary	unresolved	no_valid_inheritance		unresolved	candidate	idx=369 | ref=7:37 | pid=1corintios-7-37-P03 | verb=κέκρικεν | compact=V-XAI-3S | subj=3S | src=finite_verb_morphology | refine=explicit_or_morphological | reason=finite_verb_morphology | ind=candidate | subord=not_detected	idx=370 | ref=7:37 | pid=1corintios-7-37-P04 | verb=ποιήσει | compact=V-FAI-3S | subj=3S | src=finite_verb_morphology | refine=explicit_or_morphological | reason=finite_verb_morphology | ind=candidate | subord=not_detected	idx=371 | ref=7:38 | pid=1corintios-7-38-P01 | verb=ποιεῖ | compact=V-PAI-3S | subj=-- | src=nearest_agreeing_nominative_no_visible_boundary | refine=unresolved | reason=no_valid_inheritance | ind=unresolved | subord=candidate	idx=372 | ref=7:38 | pid=1corintios-7-38-P02 | verb=ποιήσει | compact=V-FAI-3S | subj=3S | src=nearest_agreeing_nominative_no_visible_boundary | refine=inherited | reason=inheritance_allowed | ind=candidate | subord=not_detected	idx=373 | ref=7:39 | pid=1corintios-7-39-P01 | verb=δέδεται | compact=V-XPI-3S | subj=3S | src=nearest_agreeing_nominative_no_visible_boundary | refine=inherited | reason=inheritance_allowed | ind=candidate | subord=not_detected
402	1corintios	8	10	1corintios-8-10-P01	ἴδῃ	V-AAS-3S	candidate	nearest_agreeing_nominative_no_visible_boundary	unresolved	no_valid_inheritance		unresolved	candidate	idx=400 | ref=8:9 | pid=1corintios-8-9-P01 | verb=βλέπετε | compact=V-PAD-2P | subj=2P | src=finite_verb_morphology | refine=explicit_or_morphological | reason=finite_verb_morphology | ind=candidate | subord=not_detected	idx=401 | ref=8:9 | pid=1corintios-8-9-P02 | verb=γένηται | compact=V-AMS-3S | subj=2P | src=nearest_agreeing_nominative_no_visible_boundary | refine=inherited | reason=inheritance_allowed | ind=candidate | subord=not_detected	idx=402 | ref=8:10 | pid=1corintios-8-10-P01 | verb=ἴδῃ | compact=V-AAS-3S | subj=-- | src=nearest_agreeing_nominative_no_visible_boundary | refine=unresolved | reason=no_valid_inheritance | ind=unresolved | subord=candidate	idx=403 | ref=8:10 | pid=1corintios-8-10-P02 | verb=οἰκοδομηθήσεται | compact=V-FPI-3S | subj=2P | src=nearest_agreeing_nominative_no_visible_boundary | refine=inherited | reason=inheritance_allowed | ind=candidate | subord=not_detected	idx=404 | ref=8:11 | pid=1corintios-8-11-P01 | verb=ἀπόλλυται | compact=V-PPI-3S | subj=3S | src=finite_verb_morphology | refine=explicit_or_morphological | reason=finite_verb_morphology | ind=candidate | subord=not_detected
407	1corintios	8	13	1corintios-8-13-P01	σκανδαλίζει	V-PAI-3S	candidate	nearest_agreeing_nominative_no_visible_boundary	unresolved	no_valid_inheritance		unresolved	candidate	idx=405 | ref=8:11 | pid=1corintios-8-11-P02 | verb=ἀπέθανεν | compact=V-AAI-3S | subj=3S | src=nearest_agreeing_nominative_no_visible_boundary | refine=inherited | reason=inheritance_allowed | ind=candidate | subord=not_detected	idx=406 | ref=8:12 | pid=1corintios-8-12-P01 | verb=ἁμαρτάνετε | compact=V-PAI-2P | subj=2P | src=finite_verb_morphology | refine=explicit_or_morphological | reason=finite_verb_morphology | ind=candidate | subord=not_detected	idx=407 | ref=8:13 | pid=1corintios-8-13-P01 | verb=σκανδαλίζει | compact=V-PAI-3S | subj=-- | src=nearest_agreeing_nominative_no_visible_boundary | refine=unresolved | reason=no_valid_inheritance | ind=unresolved | subord=candidate	idx=408 | ref=8:13 | pid=1corintios-8-13-P02 | verb=φάγω | compact=V-AAS-1S | subj=1S | src=finite_verb_morphology | refine=explicit_or_morphological | reason=finite_verb_morphology | ind=candidate | subord=not_detected	idx=409 | ref=8:13 | pid=1corintios-8-13-P03 | verb=σκανδαλίσω | compact=V-AAS-1S | subj=1S | src=finite_verb_morphology | refine=explicit_or_morphological | reason=finite_verb_morphology | ind=unresolved | subord=candidate
483	1corintios	10	1	1corintios-10-1-P02	ἦσαν	V-IAI-3P	candidate	nearest_agreeing_nominative_no_visible_boundary	unresolved	no_valid_inheritance		unresolved	candidate	idx=481 | ref=9:27 | pid=1corintios-9-27-P03 | verb=γένωμαι | compact=V-AMS-1S | subj=1S | src=finite_verb_morphology | refine=explicit_or_morphological | reason=finite_verb_morphology | ind=candidate | subord=not_detected	idx=482 | ref=10:1 | pid=1corintios-10-1-P01 | verb=θέλω | compact=V-PAI-1S | subj=1S | src=finite_verb_morphology | refine=explicit_or_morphological | reason=finite_verb_morphology | ind=candidate | subord=not_detected	idx=483 | ref=10:1 | pid=1corintios-10-1-P02 | verb=ἦσαν | compact=V-IAI-3P | subj=-- | src=nearest_agreeing_nominative_no_visible_boundary | refine=unresolved | reason=no_valid_inheritance | ind=unresolved | subord=candidate	idx=484 | ref=10:1 | pid=1corintios-10-1-P03 | verb=διῆλθον | compact=V-AAI-3P | subj=1S | src=nearest_agreeing_nominative_no_visible_boundary | refine=inherited | reason=inheritance_allowed | ind=candidate | subord=not_detected	idx=485 | ref=10:2 | pid=1corintios-10-2-P01 | verb=ἐβαπτίσαντο | compact=V-AMI-3P | subj=1S | src=nearest_agreeing_nominative_no_visible_boundary | refine=inherited | reason=inheritance_allowed | ind=candidate | subord=not_detected
493	1corintios	10	6	1corintios-10-6-P02	ἐπεθύμησαν	V-AAI-3P	candidate	nearest_agreeing_nominative_no_visible_boundary	unresolved	no_valid_inheritance		unresolved	candidate	idx=491 | ref=10:5 | pid=1corintios-10-5-P02 | verb=κατεστρώθησαν | compact=V-API-3P | subj=3P | src=finite_verb_morphology | refine=explicit_or_morphological | reason=finite_verb_morphology | ind=candidate | subord=not_detected	idx=492 | ref=10:6 | pid=1corintios-10-6-P01 | verb=ἐγενήθησαν | compact=V-API-3P | subj=3P | src=nearest_agreeing_nominative_no_visible_boundary | refine=inherited | reason=inheritance_allowed | ind=candidate | subord=not_detected	idx=493 | ref=10:6 | pid=1corintios-10-6-P02 | verb=ἐπεθύμησαν | compact=V-AAI-3P | subj=-- | src=nearest_agreeing_nominative_no_visible_boundary | refine=unresolved | reason=no_valid_inheritance | ind=unresolved | subord=candidate	idx=494 | ref=10:7 | pid=1corintios-10-7-P01 | verb=γίνεσθε | compact=V-PMD-2P | subj=2P | src=finite_verb_morphology | refine=explicit_or_morphological | reason=finite_verb_morphology | ind=candidate | subord=not_detected	idx=495 | ref=10:7 | pid=1corintios-10-7-P02 | verb=γέγραπται | compact=V-XPI-3S | subj=3S | src=finite_verb_morphology | refine=explicit_or_morphological | reason=finite_verb_morphology | ind=unresolved | subord=candidate
499	1corintios	10	8	1corintios-10-8-P02	ἐπόρνευσαν	V-AAI-3P	candidate	nearest_agreeing_nominative_no_visible_boundary	unresolved	no_valid_inheritance		unresolved	candidate	idx=497 | ref=10:7 | pid=1corintios-10-7-P04 | verb=ἀνέστησαν | compact=V-AAI-3P | subj=3P | src=finite_verb_morphology | refine=explicit_or_morphological | reason=finite_verb_morphology | ind=candidate | subord=not_detected	idx=498 | ref=10:8 | pid=1corintios-10-8-P01 | verb=πορνεύωμεν | compact=V-PAS-1P | subj=1P | src=finite_verb_morphology | refine=explicit_or_morphological | reason=finite_verb_morphology | ind=candidate | subord=not_detected	idx=499 | ref=10:8 | pid=1corintios-10-8-P02 | verb=ἐπόρνευσαν | compact=V-AAI-3P | subj=-- | src=nearest_agreeing_nominative_no_visible_boundary | refine=unresolved | reason=no_valid_inheritance | ind=unresolved | subord=candidate	idx=500 | ref=10:8 | pid=1corintios-10-8-P03 | verb=ἔπεσαν | compact=V-AAI-3P | subj=3P | src=finite_verb_morphology | refine=explicit_or_morphological | reason=finite_verb_morphology | ind=candidate | subord=not_detected	idx=501 | ref=10:9 | pid=1corintios-10-9-P01 | verb=ἐκπειράζωμεν | compact=V-PAS-1P | subj=1P | src=finite_verb_morphology | refine=explicit_or_morphological | reason=finite_verb_morphology | ind=candidate | subord=not_detected
502	1corintios	10	9	1corintios-10-9-P02	ἐπείρασαν	V-AAI-3P	candidate	nearest_agreeing_nominative_no_visible_boundary	unresolved	no_valid_inheritance		unresolved	candidate	idx=500 | ref=10:8 | pid=1corintios-10-8-P03 | verb=ἔπεσαν | compact=V-AAI-3P | subj=3P | src=finite_verb_morphology | refine=explicit_or_morphological | reason=finite_verb_morphology | ind=candidate | subord=not_detected	idx=501 | ref=10:9 | pid=1corintios-10-9-P01 | verb=ἐκπειράζωμεν | compact=V-PAS-1P | subj=1P | src=finite_verb_morphology | refine=explicit_or_morphological | reason=finite_verb_morphology | ind=candidate | subord=not_detected	idx=502 | ref=10:9 | pid=1corintios-10-9-P02 | verb=ἐπείρασαν | compact=V-AAI-3P | subj=-- | src=nearest_agreeing_nominative_no_visible_boundary | refine=unresolved | reason=no_valid_inheritance | ind=unresolved | subord=candidate	idx=503 | ref=10:9 | pid=1corintios-10-9-P03 | verb=ἀπώλλυντο | compact=V-IPI-3P | subj=3P | src=finite_verb_morphology | refine=explicit_or_morphological | reason=finite_verb_morphology | ind=candidate | subord=not_detected	idx=504 | ref=10:10 | pid=1corintios-10-10-P01 | verb=γογγύζετε | compact=V-PAD-2P | subj=2P | src=finite_verb_morphology | refine=explicit_or_morphological | reason=finite_verb_morphology | ind=candidate | subord=not_detected
510	1corintios	10	12	1corintios-10-12-P01	βλεπέτω	V-PAD-3S	candidate	nearest_agreeing_nominative_no_visible_boundary	unresolved	no_valid_inheritance		unresolved	candidate	idx=508 | ref=10:11 | pid=1corintios-10-11-P02 | verb=ἐγράφη | compact=V-API-3S | subj=3S | src=finite_verb_morphology | refine=explicit_or_morphological | reason=finite_verb_morphology | ind=candidate | subord=not_detected	idx=509 | ref=10:11 | pid=1corintios-10-11-P03 | verb=κατήντηκεν | compact=V-XAI-3S | subj=3S | src=nearest_agreeing_nominative_no_visible_boundary | refine=inherited | reason=inheritance_allowed | ind=candidate | subord=not_detected	idx=510 | ref=10:12 | pid=1corintios-10-12-P01 | verb=βλεπέτω | compact=V-PAD-3S | subj=-- | src=nearest_agreeing_nominative_no_visible_boundary | refine=unresolved | reason=no_valid_inheritance | ind=unresolved | subord=candidate	idx=511 | ref=10:12 | pid=1corintios-10-12-P02 | verb=πέσῃ | compact=V-AAS-3S | subj=3S | src=finite_verb_morphology | refine=explicit_or_morphological | reason=finite_verb_morphology | ind=candidate | subord=not_detected	idx=512 | ref=10:13 | pid=1corintios-10-13-P01 | verb=εἴληφεν | compact=V-XAI-3S | subj=3S | src=nearest_agreeing_nominative_no_visible_boundary | refine=inherited | reason=inheritance_allowed | ind=candidate | subord=not_detected
513	1corintios	10	13	1corintios-10-13-P02	ἐάσει	V-FAI-3S	candidate	nearest_agreeing_nominative_no_visible_boundary	unresolved	no_valid_inheritance		unresolved	candidate	idx=511 | ref=10:12 | pid=1corintios-10-12-P02 | verb=πέσῃ | compact=V-AAS-3S | subj=3S | src=finite_verb_morphology | refine=explicit_or_morphological | reason=finite_verb_morphology | ind=candidate | subord=not_detected	idx=512 | ref=10:13 | pid=1corintios-10-13-P01 | verb=εἴληφεν | compact=V-XAI-3S | subj=3S | src=nearest_agreeing_nominative_no_visible_boundary | refine=inherited | reason=inheritance_allowed | ind=candidate | subord=not_detected	idx=513 | ref=10:13 | pid=1corintios-10-13-P02 | verb=ἐάσει | compact=V-FAI-3S | subj=-- | src=nearest_agreeing_nominative_no_visible_boundary | refine=unresolved | reason=no_valid_inheritance | ind=unresolved | subord=candidate	idx=514 | ref=10:13 | pid=1corintios-10-13-P03 | verb=δύνασθε | compact=V-PMI-2P | subj=2P | src=finite_verb_morphology | refine=explicit_or_morphological | reason=finite_verb_morphology | ind=candidate | subord=not_detected	idx=515 | ref=10:13 | pid=1corintios-10-13-P04 | verb=ποιήσει | compact=V-FAI-3S | subj=3S | src=finite_verb_morphology | refine=explicit_or_morphological | reason=finite_verb_morphology | ind=candidate | subord=not_detected
529	1corintios	10	19	1corintios-10-19-P02	ἐστιν	V-PAI-3S	candidate	nearest_agreeing_nominative_no_visible_boundary	unresolved	no_valid_inheritance		unresolved	candidate	idx=527 | ref=10:18 | pid=1corintios-10-18-P02 | verb=εἰσίν | compact=V-PAI-3P | subj=2P | src=nearest_agreeing_nominative_no_visible_boundary | refine=inherited | reason=inheritance_allowed | ind=candidate | subord=not_detected	idx=528 | ref=10:19 | pid=1corintios-10-19-P01 | verb=φημι | compact=V-PAI-1S | subj=1S | src=finite_verb_morphology | refine=explicit_or_morphological | reason=finite_verb_morphology | ind=candidate | subord=not_detected	idx=529 | ref=10:19 | pid=1corintios-10-19-P02 | verb=ἐστιν | compact=V-PAI-3S | subj=-- | src=nearest_agreeing_nominative_no_visible_boundary | refine=unresolved | reason=no_valid_inheritance | ind=unresolved | subord=candidate	idx=530 | ref=10:19 | pid=1corintios-10-19-P03 | verb=ἐστιν | compact=V-PAI-3S | subj=-- | src=nearest_agreeing_nominative_no_visible_boundary | refine=unresolved | reason=no_valid_inheritance | ind=unresolved | subord=candidate	idx=531 | ref=10:20 | pid=1corintios-10-20-P01 | verb=θύουσιν | compact=V-PAI-3P | subj=3P | src=finite_verb_morphology | refine=explicit_or_morphological | reason=finite_verb_morphology | ind=unresolved | subord=candidate
530	1corintios	10	19	1corintios-10-19-P03	ἐστιν	V-PAI-3S	candidate	nearest_agreeing_nominative_no_visible_boundary	unresolved	no_valid_inheritance		unresolved	candidate	idx=528 | ref=10:19 | pid=1corintios-10-19-P01 | verb=φημι | compact=V-PAI-1S | subj=1S | src=finite_verb_morphology | refine=explicit_or_morphological | reason=finite_verb_morphology | ind=candidate | subord=not_detected	idx=529 | ref=10:19 | pid=1corintios-10-19-P02 | verb=ἐστιν | compact=V-PAI-3S | subj=-- | src=nearest_agreeing_nominative_no_visible_boundary | refine=unresolved | reason=no_valid_inheritance | ind=unresolved | subord=candidate	idx=530 | ref=10:19 | pid=1corintios-10-19-P03 | verb=ἐστιν | compact=V-PAI-3S | subj=-- | src=nearest_agreeing_nominative_no_visible_boundary | refine=unresolved | reason=no_valid_inheritance | ind=unresolved | subord=candidate	idx=531 | ref=10:20 | pid=1corintios-10-20-P01 | verb=θύουσιν | compact=V-PAI-3P | subj=3P | src=finite_verb_morphology | refine=explicit_or_morphological | reason=finite_verb_morphology | ind=unresolved | subord=candidate	idx=532 | ref=10:20 | pid=1corintios-10-20-P02 | verb=θύουσιν | compact=V-PAI-3P | subj=3P | src=finite_verb_morphology | refine=explicit_or_morphological | reason=finite_verb_morphology | ind=candidate | subord=not_detected
544	1corintios	10	27	1corintios-10-27-P01	καλεῖ	V-PAI-3S	candidate	nearest_agreeing_nominative_no_visible_boundary	unresolved	no_valid_inheritance		unresolved	candidate	idx=542 | ref=10:24 | pid=1corintios-10-24-P01 | verb=ζητείτω | compact=V-PAD-3S | subj=1P | src=nearest_agreeing_nominative_no_visible_boundary | refine=inherited | reason=inheritance_allowed | ind=candidate | subord=not_detected	idx=543 | ref=10:25 | pid=1corintios-10-25-P01 | verb=ἐσθίετε | compact=V-PAD-2P | subj=2P | src=finite_verb_morphology | refine=explicit_or_morphological | reason=finite_verb_morphology | ind=candidate | subord=not_detected	idx=544 | ref=10:27 | pid=1corintios-10-27-P01 | verb=καλεῖ | compact=V-PAI-3S | subj=-- | src=nearest_agreeing_nominative_no_visible_boundary | refine=unresolved | reason=no_valid_inheritance | ind=unresolved | subord=candidate	idx=545 | ref=10:27 | pid=1corintios-10-27-P02 | verb=θέλετε | compact=V-PAI-2P | subj=2P | src=finite_verb_morphology | refine=explicit_or_morphological | reason=finite_verb_morphology | ind=candidate | subord=not_detected	idx=546 | ref=10:27 | pid=1corintios-10-27-P03 | verb=ἐσθίετε | compact=V-PAD-2P | subj=2P | src=finite_verb_morphology | refine=explicit_or_morphological | reason=finite_verb_morphology | ind=candidate | subord=not_detected
547	1corintios	10	28	1corintios-10-28-P01	εἴπῃ	V-AAS-3S	candidate	nearest_agreeing_nominative_no_visible_boundary	unresolved	no_valid_inheritance		unresolved	candidate	idx=545 | ref=10:27 | pid=1corintios-10-27-P02 | verb=θέλετε | compact=V-PAI-2P | subj=2P | src=finite_verb_morphology | refine=explicit_or_morphological | reason=finite_verb_morphology | ind=candidate | subord=not_detected	idx=546 | ref=10:27 | pid=1corintios-10-27-P03 | verb=ἐσθίετε | compact=V-PAD-2P | subj=2P | src=finite_verb_morphology | refine=explicit_or_morphological | reason=finite_verb_morphology | ind=candidate | subord=not_detected	idx=547 | ref=10:28 | pid=1corintios-10-28-P01 | verb=εἴπῃ | compact=V-AAS-3S | subj=-- | src=nearest_agreeing_nominative_no_visible_boundary | refine=unresolved | reason=no_valid_inheritance | ind=unresolved | subord=candidate	idx=548 | ref=10:28 | pid=1corintios-10-28-P02 | verb=ἐστιν | compact=V-PAI-3S | subj=2P | src=nearest_agreeing_nominative_no_visible_boundary | refine=inherited | reason=inheritance_allowed | ind=candidate | subord=not_detected	idx=549 | ref=10:28 | pid=1corintios-10-28-P03 | verb=ἐσθίετε | compact=V-PAD-2P | subj=2P | src=finite_verb_morphology | refine=explicit_or_morphological | reason=finite_verb_morphology | ind=candidate | subord=not_detected
595	1corintios	11	19	1corintios-11-19-P02	γένωνται	V-AMS-3P	candidate	nearest_agreeing_nominative_no_visible_boundary	unresolved	no_valid_inheritance		unresolved	candidate	idx=593 | ref=11:18 | pid=1corintios-11-18-P02 | verb=πιστεύω | compact=V-PAI-1S | subj=1S | src=finite_verb_morphology | refine=explicit_or_morphological | reason=finite_verb_morphology | ind=candidate | subord=not_detected	idx=594 | ref=11:19 | pid=1corintios-11-19-P01 | verb=δεῖ | compact=V-PAI-3S | subj=3S | src=finite_verb_morphology | refine=explicit_or_morphological | reason=finite_verb_morphology | ind=candidate | subord=not_detected	idx=595 | ref=11:19 | pid=1corintios-11-19-P02 | verb=γένωνται | compact=V-AMS-3P | subj=-- | src=nearest_agreeing_nominative_no_visible_boundary | refine=unresolved | reason=no_valid_inheritance | ind=unresolved | subord=candidate	idx=596 | ref=11:20 | pid=1corintios-11-20-P01 | verb=ἔστιν | compact=V-PAI-3S | subj=3S | src=finite_verb_morphology | refine=explicit_or_morphological | reason=finite_verb_morphology | ind=candidate | subord=not_detected	idx=597 | ref=11:21 | pid=1corintios-11-21-P01 | verb=προλαμβάνει | compact=V-PAI-3S | subj=3S | src=finite_verb_morphology | refine=explicit_or_morphological | reason=finite_verb_morphology | ind=candidate | subord=not_detected
621	1corintios	11	27	1corintios-11-27-P01	ἐσθίῃ	V-PAS-3S	candidate	nearest_agreeing_nominative_no_visible_boundary	unresolved	no_valid_inheritance		unresolved	candidate	idx=619 | ref=11:26 | pid=1corintios-11-26-P03 | verb=καταγγέλλετε | compact=V-PAI-2P | subj=2P | src=finite_verb_morphology | refine=explicit_or_morphological | reason=finite_verb_morphology | ind=candidate | subord=not_detected	idx=620 | ref=11:26 | pid=1corintios-11-26-P04 | verb=ἔλθῃ | compact=V-AAS-3S | subj=3S | src=finite_verb_morphology | refine=explicit_or_morphological | reason=finite_verb_morphology | ind=candidate | subord=not_detected	idx=621 | ref=11:27 | pid=1corintios-11-27-P01 | verb=ἐσθίῃ | compact=V-PAS-3S | subj=-- | src=nearest_agreeing_nominative_no_visible_boundary | refine=unresolved | reason=no_valid_inheritance | ind=unresolved | subord=candidate	idx=622 | ref=11:27 | pid=1corintios-11-27-P02 | verb=πίνῃ | compact=V-PAS-3S | subj=3S | src=finite_verb_morphology | refine=explicit_or_morphological | reason=finite_verb_morphology | ind=candidate | subord=not_detected	idx=623 | ref=11:27 | pid=1corintios-11-27-P03 | verb=ἔσται | compact=V-FMI-3S | subj=3S | src=nearest_agreeing_nominative_no_visible_boundary | refine=inherited | reason=inheritance_allowed | ind=candidate | subord=not_detected
653	1corintios	12	11	1corintios-12-11-P02	βούλεται	V-PMI-3S	candidate	nearest_agreeing_nominative_no_visible_boundary	unresolved	no_valid_inheritance		unresolved	candidate	idx=651 | ref=12:8 | pid=1corintios-12-8-P01 | verb=δίδοται | compact=V-PPI-3S | subj=3S | src=finite_verb_morphology | refine=explicit_or_morphological | reason=finite_verb_morphology | ind=candidate | subord=not_detected	idx=652 | ref=12:11 | pid=1corintios-12-11-P01 | verb=ἐνεργεῖ | compact=V-PAI-3S | subj=3S | src=finite_verb_morphology | refine=explicit_or_morphological | reason=finite_verb_morphology | ind=candidate | subord=not_detected	idx=653 | ref=12:11 | pid=1corintios-12-11-P02 | verb=βούλεται | compact=V-PMI-3S | subj=-- | src=nearest_agreeing_nominative_no_visible_boundary | refine=unresolved | reason=no_valid_inheritance | ind=unresolved | subord=candidate	idx=654 | ref=12:12 | pid=1corintios-12-12-P01 | verb=ἐστιν | compact=V-PAI-3S | subj=3S | src=nearest_agreeing_nominative_no_visible_boundary | refine=inherited | reason=inheritance_allowed | ind=candidate | subord=not_detected	idx=655 | ref=12:12 | pid=1corintios-12-12-P02 | verb=ἔχει | compact=V-PAI-3S | subj=3S | src=finite_verb_morphology | refine=explicit_or_morphological | reason=finite_verb_morphology | ind=candidate | subord=not_detected
804	1corintios	14	25	1corintios-14-25-P03	ἐστιν	V-PAI-3S	candidate	nearest_agreeing_nominative_no_visible_boundary	unresolved	no_valid_inheritance		unresolved	candidate	idx=802 | ref=14:25 | pid=1corintios-14-25-P01 | verb=γίνεται | compact=V-PMI-3S | subj=3S | src=nearest_agreeing_nominative_no_visible_boundary | refine=inherited | reason=inheritance_allowed | ind=candidate | subord=not_detected	idx=803 | ref=14:25 | pid=1corintios-14-25-P02 | verb=προσκυνήσει | compact=V-FAI-3S | subj=3S | src=finite_verb_morphology | refine=explicit_or_morphological | reason=finite_verb_morphology | ind=candidate | subord=not_detected	idx=804 | ref=14:25 | pid=1corintios-14-25-P03 | verb=ἐστιν | compact=V-PAI-3S | subj=-- | src=nearest_agreeing_nominative_no_visible_boundary | refine=unresolved | reason=no_valid_inheritance | ind=unresolved | subord=candidate	idx=805 | ref=14:26 | pid=1corintios-14-26-P01 | verb=ἐστιν | compact=V-PAI-3S | subj=3S | src=finite_verb_morphology | refine=explicit_or_morphological | reason=finite_verb_morphology | ind=candidate | subord=not_detected	idx=806 | ref=14:26 | pid=1corintios-14-26-P02 | verb=συνέρχησθε | compact=V-PMS-2P | subj=2P | src=finite_verb_morphology | refine=explicit_or_morphological | reason=finite_verb_morphology | ind=unresolved | subord=candidate
830	1corintios	14	34	1corintios-14-34-P04	λέγει	V-PAI-3S	candidate	nearest_agreeing_nominative_no_visible_boundary	unresolved	no_valid_inheritance		unresolved	candidate	idx=828 | ref=14:34 | pid=1corintios-14-34-P02 | verb=ἐπιτρέπεται | compact=V-PPI-3S | subj=3S | src=finite_verb_morphology | refine=explicit_or_morphological | reason=finite_verb_morphology | ind=candidate | subord=not_detected	idx=829 | ref=14:34 | pid=1corintios-14-34-P03 | verb=ὑποτασσέσθωσαν | compact=V-PPD-3P | subj=3P | src=finite_verb_morphology | refine=explicit_or_morphological | reason=finite_verb_morphology | ind=candidate | subord=not_detected	idx=830 | ref=14:34 | pid=1corintios-14-34-P04 | verb=λέγει | compact=V-PAI-3S | subj=-- | src=nearest_agreeing_nominative_no_visible_boundary | refine=unresolved | reason=no_valid_inheritance | ind=unresolved | subord=candidate	idx=831 | ref=14:35 | pid=1corintios-14-35-P01 | verb=θέλουσιν | compact=V-PAI-3P | subj=3P | src=finite_verb_morphology | refine=explicit_or_morphological | reason=finite_verb_morphology | ind=unresolved | subord=candidate	idx=832 | ref=14:35 | pid=1corintios-14-35-P02 | verb=ἐπερωτάτωσαν | compact=V-PAD-3P | subj=3P | src=finite_verb_morphology | refine=explicit_or_morphological | reason=finite_verb_morphology | ind=candidate | subord=not_detected
836	1corintios	14	37	1corintios-14-37-P01	δοκεῖ	V-PAI-3S	candidate	nearest_agreeing_nominative_no_visible_boundary	unresolved	no_valid_inheritance		unresolved	candidate	idx=834 | ref=14:36 | pid=1corintios-14-36-P01 | verb=ἐξῆλθεν | compact=V-AAI-3S | subj=3S | src=nearest_agreeing_nominative_no_visible_boundary | refine=inherited | reason=inheritance_allowed | ind=candidate | subord=not_detected	idx=835 | ref=14:36 | pid=1corintios-14-36-P02 | verb=κατήντησεν | compact=V-AAI-3S | subj=3S | src=finite_verb_morphology | refine=explicit_or_morphological | reason=finite_verb_morphology | ind=candidate | subord=not_detected	idx=836 | ref=14:37 | pid=1corintios-14-37-P01 | verb=δοκεῖ | compact=V-PAI-3S | subj=-- | src=nearest_agreeing_nominative_no_visible_boundary | refine=unresolved | reason=no_valid_inheritance | ind=unresolved | subord=candidate	idx=837 | ref=14:37 | pid=1corintios-14-37-P02 | verb=ἐπιγινωσκέτω | compact=V-PAD-3S | subj=3S | src=nearest_agreeing_nominative_no_visible_boundary | refine=inherited | reason=inheritance_allowed | ind=candidate | subord=not_detected	idx=838 | ref=14:37 | pid=1corintios-14-37-P03 | verb=γράφω | compact=V-PAI-1S | subj=1S | src=finite_verb_morphology | refine=explicit_or_morphological | reason=finite_verb_morphology | ind=candidate | subord=not_detected
873	1corintios	15	12	1corintios-15-12-P01	κηρύσσεται	V-PPI-3S	candidate	nearest_agreeing_nominative_no_visible_boundary	unresolved	no_valid_inheritance		unresolved	candidate	idx=871 | ref=15:11 | pid=1corintios-15-11-P01 | verb=κηρύσσομεν | compact=V-PAI-1P | subj=1P | src=finite_verb_morphology | refine=explicit_or_morphological | reason=finite_verb_morphology | ind=candidate | subord=not_detected	idx=872 | ref=15:11 | pid=1corintios-15-11-P02 | verb=ἐπιστεύσατε | compact=V-AAI-2P | subj=2P | src=finite_verb_morphology | refine=explicit_or_morphological | reason=finite_verb_morphology | ind=candidate | subord=not_detected	idx=873 | ref=15:12 | pid=1corintios-15-12-P01 | verb=κηρύσσεται | compact=V-PPI-3S | subj=-- | src=nearest_agreeing_nominative_no_visible_boundary | refine=unresolved | reason=no_valid_inheritance | ind=unresolved | subord=candidate	idx=874 | ref=15:12 | pid=1corintios-15-12-P02 | verb=ἐγήγερται | compact=V-XPI-3S | subj=3S | src=finite_verb_morphology | refine=explicit_or_morphological | reason=finite_verb_morphology | ind=unresolved | subord=candidate	idx=875 | ref=15:12 | pid=1corintios-15-12-P03 | verb=λέγουσιν | compact=V-PAI-3P | subj=3P | src=finite_verb_morphology | refine=explicit_or_morphological | reason=finite_verb_morphology | ind=candidate | subord=not_detected
895	1corintios	15	24	1corintios-15-24-P01	παραδιδῷ	V-PAS-3S	candidate	nearest_agreeing_nominative_no_visible_boundary	unresolved	no_valid_inheritance		unresolved	candidate	idx=893 | ref=15:22 | pid=1corintios-15-22-P01 | verb=ἀποθνῄσκουσιν | compact=V-PAI-3P | subj=1P | src=nearest_agreeing_nominative_no_visible_boundary | refine=inherited | reason=inheritance_allowed | ind=candidate | subord=not_detected	idx=894 | ref=15:22 | pid=1corintios-15-22-P02 | verb=ζῳοποιηθήσονται | compact=V-FPI-3P | subj=1P | src=nearest_agreeing_nominative_no_visible_boundary | refine=inherited | reason=inheritance_allowed | ind=candidate | subord=not_detected	idx=895 | ref=15:24 | pid=1corintios-15-24-P01 | verb=παραδιδῷ | compact=V-PAS-3S | subj=-- | src=nearest_agreeing_nominative_no_visible_boundary | refine=unresolved | reason=no_valid_inheritance | ind=unresolved | subord=candidate	idx=896 | ref=15:24 | pid=1corintios-15-24-P02 | verb=καταργήσῃ | compact=V-AAS-3S | subj=3S | src=finite_verb_morphology | refine=explicit_or_morphological | reason=finite_verb_morphology | ind=unresolved | subord=candidate	idx=897 | ref=15:25 | pid=1corintios-15-25-P01 | verb=δεῖ | compact=V-PAI-3S | subj=3S | src=finite_verb_morphology | refine=explicit_or_morphological | reason=finite_verb_morphology | ind=candidate | subord=not_detected
904	1corintios	15	28	1corintios-15-28-P02	ὑποταγήσεται	V-FPI-3S	candidate	nearest_agreeing_nominative_no_visible_boundary	unresolved	no_valid_inheritance		candidate	not_detected	idx=902 | ref=15:27 | pid=1corintios-15-27-P03 | verb=ὑποτέτακται | compact=V-XPI-3S | subj=3S | src=nearest_agreeing_nominative_no_visible_boundary | refine=inherited | reason=inheritance_allowed | ind=unresolved | subord=candidate	idx=903 | ref=15:28 | pid=1corintios-15-28-P01 | verb=ὑποταγῇ | compact=V-APS-3S | subj=3S | src=finite_verb_morphology | refine=explicit_or_morphological | reason=finite_verb_morphology | ind=unresolved | subord=candidate	idx=904 | ref=15:28 | pid=1corintios-15-28-P02 | verb=ὑποταγήσεται | compact=V-FPI-3S | subj=-- | src=nearest_agreeing_nominative_no_visible_boundary | refine=unresolved | reason=no_valid_inheritance | ind=candidate | subord=not_detected	idx=905 | ref=15:28 | pid=1corintios-15-28-P03 | verb=ᾖ | compact=V-PAS-3S | subj=3S | src=finite_verb_morphology | refine=explicit_or_morphological | reason=finite_verb_morphology | ind=unresolved | subord=candidate	idx=906 | ref=15:29 | pid=1corintios-15-29-P01 | verb=ποιήσουσιν | compact=V-FAI-3P | subj=3P | src=finite_verb_morphology | refine=explicit_or_morphological | reason=finite_verb_morphology | ind=unresolved | subord=candidate
943	1corintios	15	44	1corintios-15-44-P03	ἔστιν	V-PAI-3S	candidate	nearest_agreeing_nominative_no_visible_boundary	unresolved	no_valid_inheritance		unresolved	candidate	idx=941 | ref=15:44 | pid=1corintios-15-44-P01 | verb=σπείρεται | compact=V-PPI-3S | subj=3S | src=finite_verb_morphology | refine=explicit_or_morphological | reason=finite_verb_morphology | ind=candidate | subord=not_detected	idx=942 | ref=15:44 | pid=1corintios-15-44-P02 | verb=ἐγείρεται | compact=V-PPI-3S | subj=3S | src=nearest_agreeing_nominative_no_visible_boundary | refine=inherited | reason=inheritance_allowed | ind=candidate | subord=not_detected	idx=943 | ref=15:44 | pid=1corintios-15-44-P03 | verb=ἔστιν | compact=V-PAI-3S | subj=-- | src=nearest_agreeing_nominative_no_visible_boundary | refine=unresolved | reason=no_valid_inheritance | ind=unresolved | subord=candidate	idx=944 | ref=15:44 | pid=1corintios-15-44-P04 | verb=ἔστιν | compact=V-PAI-3S | subj=3S | src=nearest_agreeing_nominative_no_visible_boundary | refine=inherited | reason=inheritance_allowed | ind=candidate | subord=not_detected	idx=945 | ref=15:45 | pid=1corintios-15-45-P01 | verb=γέγραπται | compact=V-XPI-3S | subj=3S | src=finite_verb_morphology | refine=explicit_or_morphological | reason=finite_verb_morphology | ind=candidate | subord=not_detected
959	1corintios	15	54	1corintios-15-54-P01	ἐνδύσηται	V-AMS-3S	candidate	nearest_agreeing_nominative_no_visible_boundary	unresolved	no_valid_inheritance		unresolved	candidate	idx=957 | ref=15:52 | pid=1corintios-15-52-P03 | verb=ἀλλαγησόμεθα | compact=V-FPI-1P | subj=1P | src=finite_verb_morphology | refine=explicit_or_morphological | reason=finite_verb_morphology | ind=candidate | subord=not_detected	idx=958 | ref=15:53 | pid=1corintios-15-53-P01 | verb=δεῖ | compact=V-PAI-3S | subj=3S | src=finite_verb_morphology | refine=explicit_or_morphological | reason=finite_verb_morphology | ind=candidate | subord=not_detected	idx=959 | ref=15:54 | pid=1corintios-15-54-P01 | verb=ἐνδύσηται | compact=V-AMS-3S | subj=-- | src=nearest_agreeing_nominative_no_visible_boundary | refine=unresolved | reason=no_valid_inheritance | ind=unresolved | subord=candidate	idx=960 | ref=15:54 | pid=1corintios-15-54-P02 | verb=ἐνδύσηται | compact=V-AMS-3S | subj=3S | src=nearest_agreeing_nominative_no_visible_boundary | refine=inherited | reason=inheritance_allowed | ind=candidate | subord=not_detected	idx=961 | ref=15:54 | pid=1corintios-15-54-P03 | verb=γενήσεται | compact=V-FMI-3S | subj=3S | src=finite_verb_morphology | refine=explicit_or_morphological | reason=finite_verb_morphology | ind=candidate | subord=not_detected
1016	1corintios	16	22	1corintios-16-22-P01	φιλεῖ	V-PAI-3S	candidate	nearest_agreeing_nominative_no_visible_boundary	unresolved	no_valid_inheritance		unresolved	candidate	idx=1014 | ref=16:20 | pid=1corintios-16-20-P01 | verb=ἀσπάζονται | compact=V-PMI-3P | subj=3P | src=finite_verb_morphology | refine=explicit_or_morphological | reason=finite_verb_morphology | ind=candidate | subord=not_detected	idx=1015 | ref=16:20 | pid=1corintios-16-20-P02 | verb=ἀσπάσασθε | compact=V-AMD-2P | subj=2P | src=finite_verb_morphology | refine=explicit_or_morphological | reason=finite_verb_morphology | ind=candidate | subord=not_detected	idx=1016 | ref=16:22 | pid=1corintios-16-22-P01 | verb=φιλεῖ | compact=V-PAI-3S | subj=-- | src=nearest_agreeing_nominative_no_visible_boundary | refine=unresolved | reason=no_valid_inheritance | ind=unresolved | subord=candidate	idx=1017 | ref=16:22 | pid=1corintios-16-22-P02 | verb=ἤτω | compact=V-PAD-3S | subj=3S | src=finite_verb_morphology | refine=explicit_or_morphological | reason=finite_verb_morphology | ind=candidate | subord=not_detected	idx=1018 | ref=16:22 | pid=1corintios-16-22-P03 | verb=θά | compact=V-AAD-2S | subj=2S | src=finite_verb_morphology | refine=explicit_or_morphological | reason=finite_verb_morphology | ind=candidate | subord=not_detected
