connector_registry_id	book	chapter	verse	reference	stream_index	predication_id	connector_occurrence_index	connector_surface_original	connector_surface	connector_lemma	connector_class	dependency_type	direction	source_predication_id	target_predication_id	source_reference	target_reference	explicit_connector	scope_status	label_support_status
CN00001	1corintios	1	5	1:5	2	1corintios-1-5-P01	1	ὅτι	οτι	οτι	explanatory	subordination	forward_or_embedded_local	1corintios-1-5-P01	1corintios-1-6-P01	1:5	1:6	True	local_candidate	not_assigned_here
CN00002	1corintios	1	6	1:6	3	1corintios-1-6-P01	1	καθὼς	καθως	καθως	comparative	subordination	forward_or_embedded_local	1corintios-1-6-P01	1corintios-1-8-P01	1:6	1:8	True	local_candidate	not_assigned_here
CN00003	1corintios	1	10	1:10	7	1corintios-1-10-P02	1	ἵνα	ινα	ινα	purpose	subordination	forward_or_embedded_local	1corintios-1-10-P02	1corintios-1-10-P03	1:10	1:10	True	local_candidate	not_assigned_here
CN00004	1corintios	1	11	1:11	11	1corintios-1-11-P02	1	ὅτι	οτι	οτι	explanatory	subordination	forward_or_embedded_local	1corintios-1-11-P02	1corintios-1-12-P01	1:11	1:12	True	local_candidate	not_assigned_here
CN00005	1corintios	1	12	1:12	13	1corintios-1-12-P02	1	ὅτι	οτι	οτι	explanatory	subordination	forward_or_embedded_local	1corintios-1-12-P02	1corintios-1-12-P03	1:12	1:12	True	local_candidate	not_assigned_here
CN00006	1corintios	1	14	1:14	19	1corintios-1-14-P02	1	ὅτι	οτι	οτι	explanatory	subordination	forward_or_embedded_local	1corintios-1-14-P02	1corintios-1-15-P01	1:14	1:15	True	local_candidate	not_assigned_here
CN00007	1corintios	1	15	1:15	20	1corintios-1-15-P01	1	ἵνα	ινα	ινα	purpose	subordination	forward_or_embedded_local	1corintios-1-15-P01	1corintios-1-15-P02	1:15	1:15	True	local_candidate	not_assigned_here
CN00008	1corintios	1	15	1:15	21	1corintios-1-15-P02	1	ὅτι	οτι	οτι	explanatory	subordination	forward_or_embedded_local	1corintios-1-15-P02	1corintios-1-16-P01	1:15	1:16	True	local_candidate	not_assigned_here
CN00009	1corintios	1	16	1:16	24	1corintios-1-16-P03	1	εἴ	ει	ει	conditional	subordination	forward_or_embedded_local	1corintios-1-16-P03	1corintios-1-17-P01	1:16	1:17	True	local_candidate	not_assigned_here
CN00010	1corintios	1	17	1:17	26	1corintios-1-17-P02	1	ἵνα	ινα	ινα	purpose	subordination	forward_or_embedded_local	1corintios-1-17-P02	1corintios-1-18-P01	1:17	1:18	True	local_candidate	not_assigned_here
CN00011	1corintios	1	25	1:25	38	1corintios-1-25-P01	1	ὅτι	οτι	οτι	explanatory	subordination	forward_or_embedded_local	1corintios-1-25-P01	1corintios-1-26-P01	1:25	1:26	True	local_candidate	not_assigned_here
CN00012	1corintios	1	27	1:27	41	1corintios-1-27-P02	1	ἵνα	ινα	ινα	purpose	subordination	forward_or_embedded_local	1corintios-1-27-P02	1corintios-1-27-P03	1:27	1:27	True	local_candidate	not_assigned_here
CN00013	1corintios	1	27	1:27	43	1corintios-1-27-P04	1	ἵνα	ινα	ινα	purpose	subordination	forward_or_embedded_local	1corintios-1-27-P04	1corintios-1-28-P01	1:27	1:28	True	local_candidate	not_assigned_here
CN00014	1corintios	1	28	1:28	45	1corintios-1-28-P02	1	ἵνα	ινα	ινα	purpose	subordination	forward_or_embedded_local	1corintios-1-28-P02	1corintios-1-29-P01	1:28	1:29	True	local_candidate	not_assigned_here
CN00015	1corintios	1	31	1:31	49	1corintios-1-31-P01	1	ἵνα	ινα	ινα	purpose	subordination	forward_or_embedded_local	1corintios-1-31-P01	1corintios-1-31-P02	1:31	1:31	True	local_candidate	not_assigned_here
CN00016	1corintios	1	31	1:31	49	1corintios-1-31-P01	2	καθὼς	καθως	καθως	comparative	subordination	forward_or_embedded_local	1corintios-1-31-P01	1corintios-1-31-P02	1:31	1:31	True	local_candidate	not_assigned_here
CN00017	1corintios	2	5	2:5	54	1corintios-2-5-P01	1	ἵνα	ινα	ινα	purpose	subordination	forward_or_embedded_local	1corintios-2-5-P01	1corintios-2-6-P01	2:5	2:6	True	local_candidate	not_assigned_here
CN00018	1corintios	2	8	2:8	59	1corintios-2-8-P02	1	εἰ	ει	ει	conditional	subordination	forward_or_embedded_local	1corintios-2-8-P02	1corintios-2-8-P03	2:8	2:8	True	local_candidate	not_assigned_here
CN00019	1corintios	2	9	2:9	61	1corintios-2-9-P01	1	καθὼς	καθως	καθως	comparative	subordination	forward_or_embedded_local	1corintios-2-9-P01	1corintios-2-9-P02	2:9	2:9	True	local_candidate	not_assigned_here
CN00020	1corintios	2	11	2:11	69	1corintios-2-11-P02	1	εἰ	ει	ει	conditional	subordination	forward_or_embedded_local	1corintios-2-11-P02	1corintios-2-12-P01	2:11	2:12	True	local_candidate	not_assigned_here
CN00021	1corintios	2	12	2:12	71	1corintios-2-12-P02	1	ἵνα	ινα	ινα	purpose	subordination	forward_or_embedded_local	1corintios-2-12-P02	1corintios-2-13-P01	2:12	2:13	True	local_candidate	not_assigned_here
CN00022	1corintios	2	14	2:14	76	1corintios-2-14-P04	1	ὅτι	οτι	οτι	explanatory	subordination	forward_or_embedded_local	1corintios-2-14-P04	1corintios-2-15-P01	2:14	2:15	True	local_candidate	not_assigned_here
CN00023	1corintios	3	4	3:4	89	1corintios-3-4-P01	1	ὅταν	οταν	οταν	temporal	subordination	forward_or_embedded_local	1corintios-3-4-P01	1corintios-3-4-P02	3:4	3:4	True	local_candidate	not_assigned_here
CN00024	1corintios	3	5	3:5	95	1corintios-3-5-P04	1	ὡς	ως	ως	comparative	subordination	forward_or_embedded_local	1corintios-3-5-P04	1corintios-3-6-P01	3:5	3:6	True	local_candidate	not_assigned_here
CN00025	1corintios	3	7	3:7	99	1corintios-3-7-P01	1	ὥστε	ωστε	ωστε	inferential	result	backward_local	1corintios-3-6-P03	1corintios-3-7-P01	3:6	3:7	True	local_candidate	not_assigned_here
CN00026	1corintios	3	10	3:10	104	1corintios-3-10-P01	1	ὡς	ως	ως	comparative	subordination	forward_or_embedded_local	1corintios-3-10-P01	1corintios-3-10-P02	3:10	3:10	True	local_candidate	not_assigned_here
CN00027	1corintios	3	12	3:12	110	1corintios-3-12-P01	1	εἰ	ει	ει	conditional	subordination	forward_or_embedded_local	1corintios-3-12-P01	1corintios-3-13-P01	3:12	3:13	True	local_candidate	not_assigned_here
CN00028	1corintios	3	13	3:13	113	1corintios-3-13-P03	1	ὅτι	οτι	οτι	explanatory	subordination	forward_or_embedded_local	1corintios-3-13-P03	1corintios-3-13-P04	3:13	3:13	True	local_candidate	not_assigned_here
CN00029	1corintios	3	14	3:14	116	1corintios-3-14-P01	1	εἴ	ει	ει	conditional	subordination	forward_or_embedded_local	1corintios-3-14-P01	1corintios-3-14-P02	3:14	3:14	True	local_candidate	not_assigned_here
CN00030	1corintios	3	15	3:15	119	1corintios-3-15-P01	1	εἴ	ει	ει	conditional	subordination	forward_or_embedded_local	1corintios-3-15-P01	1corintios-3-15-P02	3:15	3:15	True	local_candidate	not_assigned_here
CN00031	1corintios	3	16	3:16	123	1corintios-3-16-P02	1	ὅτι	οτι	οτι	explanatory	subordination	forward_or_embedded_local	1corintios-3-16-P02	1corintios-3-16-P03	3:16	3:16	True	local_candidate	not_assigned_here
CN00032	1corintios	3	17	3:17	125	1corintios-3-17-P01	1	εἴ	ει	ει	conditional	subordination	forward_or_embedded_local	1corintios-3-17-P01	1corintios-3-17-P02	3:17	3:17	True	local_candidate	not_assigned_here
CN00033	1corintios	3	18	3:18	130	1corintios-3-18-P02	1	εἴ	ει	ει	conditional	subordination	forward_or_embedded_local	1corintios-3-18-P02	1corintios-3-18-P03	3:18	3:18	True	local_candidate	not_assigned_here
CN00034	1corintios	3	18	3:18	132	1corintios-3-18-P04	1	ἵνα	ινα	ινα	purpose	subordination	forward_or_embedded_local	1corintios-3-18-P04	1corintios-3-19-P01	3:18	3:19	True	local_candidate	not_assigned_here
CN00035	1corintios	3	20	3:20	136	1corintios-3-20-P02	1	ὅτι	οτι	οτι	explanatory	subordination	forward_or_embedded_local	1corintios-3-20-P02	1corintios-3-21-P01	3:20	3:21	True	local_candidate	not_assigned_here
CN00036	1corintios	3	21	3:21	137	1corintios-3-21-P01	1	ὥστε	ωστε	ωστε	inferential	result	backward_local	1corintios-3-20-P02	1corintios-3-21-P01	3:20	3:21	True	local_candidate	not_assigned_here
CN00037	1corintios	4	2	4:2	141	1corintios-4-2-P02	1	ἵνα	ινα	ινα	purpose	subordination	forward_or_embedded_local	1corintios-4-2-P02	1corintios-4-3-P01	4:2	4:3	True	local_candidate	not_assigned_here
CN00038	1corintios	4	3	4:3	143	1corintios-4-3-P02	1	ἵνα	ινα	ινα	purpose	subordination	forward_or_embedded_local	1corintios-4-3-P02	1corintios-4-3-P03	4:3	4:3	True	local_candidate	not_assigned_here
CN00039	1corintios	4	5	4:5	148	1corintios-4-5-P01	1	ὥστε	ωστε	ωστε	inferential	result	backward_local	1corintios-4-4-P03	1corintios-4-5-P01	4:4	4:5	True	local_candidate	not_assigned_here
CN00040	1corintios	4	6	4:6	154	1corintios-4-6-P02	1	ἵνα	ινα	ινα	purpose	subordination	forward_or_embedded_local	1corintios-4-6-P02	1corintios-4-6-P03	4:6	4:6	True	local_candidate	not_assigned_here
CN00041	1corintios	4	6	4:6	156	1corintios-4-6-P04	1	ἵνα	ινα	ινα	purpose	subordination	forward_or_embedded_local	1corintios-4-6-P04	1corintios-4-7-P01	4:6	4:7	True	local_candidate	not_assigned_here
CN00042	1corintios	4	7	4:7	160	1corintios-4-7-P04	1	εἰ	ει	ει	conditional	subordination	forward_or_embedded_local	1corintios-4-7-P04	1corintios-4-7-P05	4:7	4:7	True	local_candidate	not_assigned_here
CN00043	1corintios	4	8	4:8	166	1corintios-4-8-P05	1	ἵνα	ινα	ινα	purpose	subordination	forward_or_embedded_local	1corintios-4-8-P05	1corintios-4-9-P01	4:8	4:9	True	local_candidate	not_assigned_here
CN00044	1corintios	4	9	4:9	169	1corintios-4-9-P03	1	ὡς	ως	ως	comparative	subordination	forward_or_embedded_local	1corintios-4-9-P03	1corintios-4-11-P01	4:9	4:11	True	local_candidate	not_assigned_here
CN00045	1corintios	4	9	4:9	169	1corintios-4-9-P03	2	ὅτι	οτι	οτι	explanatory	subordination	forward_or_embedded_local	1corintios-4-9-P03	1corintios-4-11-P01	4:9	4:11	True	local_candidate	not_assigned_here
CN00046	1corintios	4	13	4:13	179	1corintios-4-13-P02	1	ὡς	ως	ως	comparative	subordination	forward_or_embedded_local	1corintios-4-13-P02	1corintios-4-14-P01	4:13	4:14	True	local_candidate	not_assigned_here
CN00047	1corintios	4	15	4:15	181	1corintios-4-15-P01	1	ἐὰν	εαν	εαν	conditional	subordination	forward_or_embedded_local	1corintios-4-15-P01	1corintios-4-15-P02	4:15	4:15	True	local_candidate	not_assigned_here
CN00048	1corintios	4	17	4:17	188	1corintios-4-17-P04	1	καθὼς	καθως	καθως	comparative	subordination	forward_or_embedded_local	1corintios-4-17-P04	1corintios-4-18-P01	4:17	4:18	True	local_candidate	not_assigned_here
CN00049	1corintios	4	18	4:18	189	1corintios-4-18-P01	1	ὡς	ως	ως	comparative	subordination	forward_or_embedded_local	1corintios-4-18-P01	1corintios-4-19-P01	4:18	4:19	True	local_candidate	not_assigned_here
CN00050	1corintios	4	19	4:19	191	1corintios-4-19-P02	1	ἐὰν	εαν	εαν	conditional	subordination	forward_or_embedded_local	1corintios-4-19-P02	1corintios-4-19-P03	4:19	4:19	True	local_candidate	not_assigned_here
CN00051	1corintios	5	2	5:2	198	1corintios-5-2-P03	1	ἵνα	ινα	ινα	purpose	subordination	forward_or_embedded_local	1corintios-5-2-P03	1corintios-5-3-P01	5:2	5:3	True	local_candidate	not_assigned_here
CN00052	1corintios	5	5	5:5	200	1corintios-5-5-P01	1	ἵνα	ινα	ινα	purpose	subordination	forward_or_embedded_local	1corintios-5-5-P01	1corintios-5-6-P01	5:5	5:6	True	local_candidate	not_assigned_here
CN00053	1corintios	5	6	5:6	202	1corintios-5-6-P02	1	ὅτι	οτι	οτι	explanatory	subordination	forward_or_embedded_local	1corintios-5-6-P02	1corintios-5-7-P01	5:6	5:7	True	local_candidate	not_assigned_here
CN00054	1corintios	5	7	5:7	204	1corintios-5-7-P02	1	ἵνα	ινα	ινα	purpose	subordination	forward_or_embedded_local	1corintios-5-7-P02	1corintios-5-7-P03	5:7	5:7	True	local_candidate	not_assigned_here
CN00055	1corintios	5	7	5:7	205	1corintios-5-7-P03	1	καθώς	καθως	καθως	comparative	subordination	forward_or_embedded_local	1corintios-5-7-P03	1corintios-5-7-P04	5:7	5:7	True	local_candidate	not_assigned_here
CN00056	1corintios	5	8	5:8	207	1corintios-5-8-P01	1	ὥστε	ωστε	ωστε	inferential	result	backward_local	1corintios-5-7-P04	1corintios-5-8-P01	5:7	5:8	True	local_candidate	not_assigned_here
CN00057	1corintios	5	11	5:11	211	1corintios-5-11-P02	1	ἐάν	εαν	εαν	conditional	subordination	forward_or_embedded_local	1corintios-5-11-P02	1corintios-5-12-P01	5:11	5:12	True	local_candidate	not_assigned_here
CN00058	1corintios	6	2	6:2	217	1corintios-6-2-P02	1	ὅτι	οτι	οτι	explanatory	subordination	forward_or_embedded_local	1corintios-6-2-P02	1corintios-6-2-P03	6:2	6:2	True	local_candidate	not_assigned_here
CN00059	1corintios	6	2	6:2	218	1corintios-6-2-P03	1	εἰ	ει	ει	conditional	subordination	forward_or_embedded_local	1corintios-6-2-P03	1corintios-6-2-P04	6:2	6:2	True	local_candidate	not_assigned_here
CN00060	1corintios	6	3	6:3	221	1corintios-6-3-P02	1	ὅτι	οτι	οτι	explanatory	subordination	forward_or_embedded_local	1corintios-6-3-P02	1corintios-6-4-P01	6:3	6:4	True	local_candidate	not_assigned_here
CN00061	1corintios	6	4	6:4	222	1corintios-6-4-P01	1	ἐὰν	εαν	εαν	conditional	subordination	forward_or_embedded_local	1corintios-6-4-P01	1corintios-6-4-P02	6:4	6:4	True	local_candidate	not_assigned_here
CN00062	1corintios	6	7	6:7	229	1corintios-6-7-P02	1	ὅτι	οτι	οτι	explanatory	subordination	forward_or_embedded_local	1corintios-6-7-P02	1corintios-6-7-P03	6:7	6:7	True	local_candidate	not_assigned_here
CN00063	1corintios	6	9	6:9	235	1corintios-6-9-P02	1	ὅτι	οτι	οτι	explanatory	subordination	forward_or_embedded_local	1corintios-6-9-P02	1corintios-6-9-P03	6:9	6:9	True	local_candidate	not_assigned_here
CN00064	1corintios	6	15	6:15	250	1corintios-6-15-P02	1	ὅτι	οτι	οτι	explanatory	subordination	forward_or_embedded_local	1corintios-6-15-P02	1corintios-6-15-P03	6:15	6:15	True	local_candidate	not_assigned_here
CN00065	1corintios	6	16	6:16	254	1corintios-6-16-P02	1	ὅτι	οτι	οτι	explanatory	subordination	forward_or_embedded_local	1corintios-6-16-P02	1corintios-6-16-P03	6:16	6:16	True	local_candidate	not_assigned_here
CN00066	1corintios	6	18	6:18	259	1corintios-6-18-P02	1	ἐὰν	εαν	εαν	conditional	subordination	forward_or_embedded_local	1corintios-6-18-P02	1corintios-6-18-P03	6:18	6:18	True	local_candidate	not_assigned_here
CN00067	1corintios	6	19	6:19	263	1corintios-6-19-P02	1	ὅτι	οτι	οτι	explanatory	subordination	forward_or_embedded_local	1corintios-6-19-P02	1corintios-6-19-P03	6:19	6:19	True	local_candidate	not_assigned_here
CN00068	1corintios	7	5	7:5	275	1corintios-7-5-P02	1	εἰ	ει	ει	conditional	subordination	forward_or_embedded_local	1corintios-7-5-P02	1corintios-7-5-P03	7:5	7:5	True	local_candidate	not_assigned_here
CN00069	1corintios	7	5	7:5	275	1corintios-7-5-P02	2	ἵνα	ινα	ινα	purpose	subordination	forward_or_embedded_local	1corintios-7-5-P02	1corintios-7-5-P03	7:5	7:5	True	local_candidate	not_assigned_here
CN00070	1corintios	7	5	7:5	277	1corintios-7-5-P04	1	ἵνα	ινα	ινα	purpose	subordination	forward_or_embedded_local	1corintios-7-5-P04	1corintios-7-6-P01	7:5	7:6	True	local_candidate	not_assigned_here
CN00071	1corintios	7	7	7:7	280	1corintios-7-7-P02	1	ὡς	ως	ως	comparative	subordination	forward_or_embedded_local	1corintios-7-7-P02	1corintios-7-8-P01	7:7	7:8	True	local_candidate	not_assigned_here
CN00072	1corintios	7	8	7:8	282	1corintios-7-8-P02	1	ἐὰν	εαν	εαν	conditional	subordination	forward_or_embedded_local	1corintios-7-8-P02	1corintios-7-9-P01	7:8	7:9	True	local_candidate	not_assigned_here
CN00073	1corintios	7	9	7:9	283	1corintios-7-9-P01	1	εἰ	ει	ει	conditional	subordination	forward_or_embedded_local	1corintios-7-9-P01	1corintios-7-9-P02	7:9	7:9	True	local_candidate	not_assigned_here
CN00074	1corintios	7	11	7:11	287	1corintios-7-11-P01	1	ἐὰν	εαν	εαν	conditional	subordination	forward_or_embedded_local	1corintios-7-11-P01	1corintios-7-11-P02	7:11	7:11	True	local_candidate	not_assigned_here
CN00075	1corintios	7	12	7:12	291	1corintios-7-12-P02	1	εἴ	ει	ει	conditional	subordination	forward_or_embedded_local	1corintios-7-12-P02	1corintios-7-12-P03	7:12	7:12	True	local_candidate	not_assigned_here
CN00076	1corintios	7	13	7:13	294	1corintios-7-13-P01	1	εἴ	ει	ει	conditional	subordination	forward_or_embedded_local	1corintios-7-13-P01	1corintios-7-13-P02	7:13	7:13	True	local_candidate	not_assigned_here
CN00077	1corintios	7	15	7:15	301	1corintios-7-15-P01	1	εἰ	ει	ει	conditional	subordination	forward_or_embedded_local	1corintios-7-15-P01	1corintios-7-15-P02	7:15	7:15	True	local_candidate	not_assigned_here
CN00078	1corintios	7	16	7:16	306	1corintios-7-16-P02	1	εἰ	ει	ει	conditional	subordination	forward_or_embedded_local	1corintios-7-16-P02	1corintios-7-16-P03	7:16	7:16	True	local_candidate	not_assigned_here
CN00079	1corintios	7	16	7:16	308	1corintios-7-16-P04	1	εἰ	ει	ει	conditional	subordination	forward_or_embedded_local	1corintios-7-16-P04	1corintios-7-17-P01	7:16	7:17	True	local_candidate	not_assigned_here
CN00080	1corintios	7	17	7:17	309	1corintios-7-17-P01	1	εἰ	ει	ει	conditional	subordination	forward_or_embedded_local	1corintios-7-17-P01	1corintios-7-17-P02	7:17	7:17	True	local_candidate	not_assigned_here
CN00081	1corintios	7	17	7:17	309	1corintios-7-17-P01	2	ὡς	ως	ως	comparative	subordination	forward_or_embedded_local	1corintios-7-17-P01	1corintios-7-17-P02	7:17	7:17	True	local_candidate	not_assigned_here
CN00082	1corintios	7	17	7:17	310	1corintios-7-17-P02	1	ὡς	ως	ως	comparative	subordination	forward_or_embedded_local	1corintios-7-17-P02	1corintios-7-17-P03	7:17	7:17	True	local_candidate	not_assigned_here
CN00083	1corintios	7	21	7:21	323	1corintios-7-21-P03	1	εἰ	ει	ει	conditional	subordination	forward_or_embedded_local	1corintios-7-21-P03	1corintios-7-21-P04	7:21	7:21	True	local_candidate	not_assigned_here
CN00084	1corintios	7	28	7:28	338	1corintios-7-28-P01	1	ἐὰν	εαν	εαν	conditional	subordination	forward_or_embedded_local	1corintios-7-28-P01	1corintios-7-28-P02	7:28	7:28	True	local_candidate	not_assigned_here
CN00085	1corintios	7	28	7:28	340	1corintios-7-28-P03	1	ἐὰν	εαν	εαν	conditional	subordination	forward_or_embedded_local	1corintios-7-28-P03	1corintios-7-28-P04	7:28	7:28	True	local_candidate	not_assigned_here
CN00086	1corintios	7	29	7:29	346	1corintios-7-29-P03	1	ἵνα	ινα	ινα	purpose	subordination	forward_or_embedded_local	1corintios-7-29-P03	1corintios-7-31-P01	7:29	7:31	True	local_candidate	not_assigned_here
CN00087	1corintios	7	29	7:29	346	1corintios-7-29-P03	2	ὡς	ως	ως	comparative	subordination	forward_or_embedded_local	1corintios-7-29-P03	1corintios-7-31-P01	7:29	7:31	True	local_candidate	not_assigned_here
CN00088	1corintios	7	31	7:31	347	1corintios-7-31-P01	1	ὡς	ως	ως	comparative	subordination	forward_or_embedded_local	1corintios-7-31-P01	1corintios-7-32-P01	7:31	7:32	True	local_candidate	not_assigned_here
CN00089	1corintios	7	34	7:34	355	1corintios-7-34-P03	1	ἵνα	ινα	ινα	purpose	subordination	forward_or_embedded_local	1corintios-7-34-P03	1corintios-7-34-P04	7:34	7:34	True	local_candidate	not_assigned_here
CN00090	1corintios	7	35	7:35	359	1corintios-7-35-P02	1	ἵνα	ινα	ινα	purpose	subordination	forward_or_embedded_local	1corintios-7-35-P02	1corintios-7-36-P01	7:35	7:36	True	local_candidate	not_assigned_here
CN00091	1corintios	7	36	7:36	360	1corintios-7-36-P01	1	εἰ	ει	ει	conditional	subordination	forward_or_embedded_local	1corintios-7-36-P01	1corintios-7-36-P02	7:36	7:36	True	local_candidate	not_assigned_here
CN00092	1corintios	7	36	7:36	361	1corintios-7-36-P02	1	ἐὰν	εαν	εαν	conditional	subordination	forward_or_embedded_local	1corintios-7-36-P02	1corintios-7-36-P03	7:36	7:36	True	local_candidate	not_assigned_here
CN00093	1corintios	7	38	7:38	371	1corintios-7-38-P01	1	ὥστε	ωστε	ωστε	inferential	result	backward_local	1corintios-7-37-P04	1corintios-7-38-P01	7:37	7:38	True	local_candidate	not_assigned_here
CN00094	1corintios	7	39	7:39	375	1corintios-7-39-P03	1	ἐὰν	εαν	εαν	conditional	subordination	forward_or_embedded_local	1corintios-7-39-P03	1corintios-7-39-P04	7:39	7:39	True	local_candidate	not_assigned_here
CN00095	1corintios	7	40	7:40	379	1corintios-7-40-P02	1	ἐὰν	εαν	εαν	conditional	subordination	forward_or_embedded_local	1corintios-7-40-P02	1corintios-7-40-P03	7:40	7:40	True	local_candidate	not_assigned_here
CN00096	1corintios	8	1	8:1	382	1corintios-8-1-P02	1	ὅτι	οτι	οτι	explanatory	subordination	forward_or_embedded_local	1corintios-8-1-P02	1corintios-8-1-P03	8:1	8:1	True	local_candidate	not_assigned_here
CN00097	1corintios	8	2	8:2	385	1corintios-8-2-P01	1	εἴ	ει	ει	conditional	subordination	forward_or_embedded_local	1corintios-8-2-P01	1corintios-8-2-P02	8:2	8:2	True	local_candidate	not_assigned_here
CN00098	1corintios	8	2	8:2	387	1corintios-8-2-P03	1	καθὼς	καθως	καθως	comparative	subordination	forward_or_embedded_local	1corintios-8-2-P03	1corintios-8-3-P01	8:2	8:3	True	local_candidate	not_assigned_here
CN00099	1corintios	8	3	8:3	388	1corintios-8-3-P01	1	εἰ	ει	ει	conditional	subordination	forward_or_embedded_local	1corintios-8-3-P01	1corintios-8-3-P02	8:3	8:3	True	local_candidate	not_assigned_here
CN00100	1corintios	8	7	8:7	393	1corintios-8-7-P01	1	ὡς	ως	ως	comparative	subordination	forward_or_embedded_local	1corintios-8-7-P01	1corintios-8-7-P02	8:7	8:7	True	local_candidate	not_assigned_here
CN00101	1corintios	8	8	8:8	396	1corintios-8-8-P02	1	ἐὰν	εαν	εαν	conditional	subordination	forward_or_embedded_local	1corintios-8-8-P02	1corintios-8-8-P03	8:8	8:8	True	local_candidate	not_assigned_here
CN00102	1corintios	8	8	8:8	398	1corintios-8-8-P04	1	ἐὰν	εαν	εαν	conditional	subordination	forward_or_embedded_local	1corintios-8-8-P04	1corintios-8-8-P05	8:8	8:8	True	local_candidate	not_assigned_here
CN00103	1corintios	8	10	8:10	402	1corintios-8-10-P01	1	ἐὰν	εαν	εαν	conditional	subordination	forward_or_embedded_local	1corintios-8-10-P01	1corintios-8-10-P02	8:10	8:10	True	local_candidate	not_assigned_here
CN00104	1corintios	8	13	8:13	407	1corintios-8-13-P01	1	εἰ	ει	ει	conditional	subordination	forward_or_embedded_local	1corintios-8-13-P01	1corintios-8-13-P02	8:13	8:13	True	local_candidate	not_assigned_here
CN00105	1corintios	8	13	8:13	409	1corintios-8-13-P03	1	ἵνα	ινα	ινα	purpose	subordination	forward_or_embedded_local	1corintios-8-13-P03	1corintios-9-1-P01	8:13	9:1	True	local_candidate	not_assigned_here
CN00106	1corintios	9	2	9:2	414	1corintios-9-2-P01	1	εἰ	ει	ει	conditional	subordination	forward_or_embedded_local	1corintios-9-2-P01	1corintios-9-2-P02	9:2	9:2	True	local_candidate	not_assigned_here
CN00107	1corintios	9	10	9:10	433	1corintios-9-10-P03	1	ὅτι	οτι	οτι	explanatory	subordination	forward_or_embedded_local	1corintios-9-10-P03	1corintios-9-11-P01	9:10	9:11	True	local_candidate	not_assigned_here
CN00108	1corintios	9	11	9:11	434	1corintios-9-11-P01	1	εἰ	ει	ει	conditional	subordination	forward_or_embedded_local	1corintios-9-11-P01	1corintios-9-11-P02	9:11	9:11	True	local_candidate	not_assigned_here
CN00109	1corintios	9	11	9:11	435	1corintios-9-11-P02	1	εἰ	ει	ει	conditional	subordination	forward_or_embedded_local	1corintios-9-11-P02	1corintios-9-12-P01	9:11	9:12	True	local_candidate	not_assigned_here
CN00110	1corintios	9	12	9:12	436	1corintios-9-12-P01	1	εἰ	ει	ει	conditional	subordination	forward_or_embedded_local	1corintios-9-12-P01	1corintios-9-12-P02	9:12	9:12	True	local_candidate	not_assigned_here
CN00111	1corintios	9	12	9:12	439	1corintios-9-12-P04	1	ἵνα	ινα	ινα	purpose	subordination	forward_or_embedded_local	1corintios-9-12-P04	1corintios-9-13-P01	9:12	9:13	True	local_candidate	not_assigned_here
CN00112	1corintios	9	13	9:13	441	1corintios-9-13-P02	1	ὅτι	οτι	οτι	explanatory	subordination	forward_or_embedded_local	1corintios-9-13-P02	1corintios-9-13-P03	9:13	9:13	True	local_candidate	not_assigned_here
CN00113	1corintios	9	15	9:15	446	1corintios-9-15-P03	1	ἵνα	ινα	ινα	purpose	subordination	forward_or_embedded_local	1corintios-9-15-P03	1corintios-9-15-P04	9:15	9:15	True	local_candidate	not_assigned_here
CN00114	1corintios	9	16	9:16	448	1corintios-9-16-P01	1	ἐὰν	εαν	εαν	conditional	subordination	forward_or_embedded_local	1corintios-9-16-P01	1corintios-9-16-P02	9:16	9:16	True	local_candidate	not_assigned_here
CN00115	1corintios	9	16	9:16	452	1corintios-9-16-P05	1	ἐὰν	εαν	εαν	conditional	subordination	forward_or_embedded_local	1corintios-9-16-P05	1corintios-9-17-P01	9:16	9:17	True	local_candidate	not_assigned_here
CN00116	1corintios	9	17	9:17	453	1corintios-9-17-P01	1	εἰ	ει	ει	conditional	subordination	forward_or_embedded_local	1corintios-9-17-P01	1corintios-9-17-P02	9:17	9:17	True	local_candidate	not_assigned_here
CN00117	1corintios	9	17	9:17	455	1corintios-9-17-P03	1	εἰ	ει	ει	conditional	subordination	forward_or_embedded_local	1corintios-9-17-P03	1corintios-9-18-P01	9:17	9:18	True	local_candidate	not_assigned_here
CN00118	1corintios	9	18	9:18	457	1corintios-9-18-P02	1	ἵνα	ινα	ινα	purpose	subordination	forward_or_embedded_local	1corintios-9-18-P02	1corintios-9-19-P01	9:18	9:19	True	local_candidate	not_assigned_here
CN00119	1corintios	9	19	9:19	459	1corintios-9-19-P02	1	ἵνα	ινα	ινα	purpose	subordination	forward_or_embedded_local	1corintios-9-19-P02	1corintios-9-20-P01	9:19	9:20	True	local_candidate	not_assigned_here
CN00120	1corintios	9	20	9:20	461	1corintios-9-20-P02	1	ὡς	ως	ως	comparative	subordination	forward_or_embedded_local	1corintios-9-20-P02	1corintios-9-20-P03	9:20	9:20	True	local_candidate	not_assigned_here
CN00121	1corintios	9	20	9:20	461	1corintios-9-20-P02	2	ἵνα	ινα	ινα	purpose	subordination	forward_or_embedded_local	1corintios-9-20-P02	1corintios-9-20-P03	9:20	9:20	True	local_candidate	not_assigned_here
CN00122	1corintios	9	20	9:20	462	1corintios-9-20-P03	1	ὡς	ως	ως	comparative	subordination	forward_or_embedded_local	1corintios-9-20-P03	1corintios-9-21-P01	9:20	9:21	True	local_candidate	not_assigned_here
CN00123	1corintios	9	20	9:20	462	1corintios-9-20-P03	2	ἵνα	ινα	ινα	purpose	subordination	forward_or_embedded_local	1corintios-9-20-P03	1corintios-9-21-P01	9:20	9:21	True	local_candidate	not_assigned_here
CN00124	1corintios	9	21	9:21	463	1corintios-9-21-P01	1	ὡς	ως	ως	comparative	subordination	forward_or_embedded_local	1corintios-9-21-P01	1corintios-9-22-P01	9:21	9:22	True	local_candidate	not_assigned_here
CN00125	1corintios	9	21	9:21	463	1corintios-9-21-P01	2	ἵνα	ινα	ινα	purpose	subordination	forward_or_embedded_local	1corintios-9-21-P01	1corintios-9-22-P01	9:21	9:22	True	local_candidate	not_assigned_here
CN00126	1corintios	9	22	9:22	465	1corintios-9-22-P02	1	ἵνα	ινα	ινα	purpose	subordination	forward_or_embedded_local	1corintios-9-22-P02	1corintios-9-22-P03	9:22	9:22	True	local_candidate	not_assigned_here
CN00127	1corintios	9	22	9:22	467	1corintios-9-22-P04	1	ἵνα	ινα	ινα	purpose	subordination	forward_or_embedded_local	1corintios-9-22-P04	1corintios-9-23-P01	9:22	9:23	True	local_candidate	not_assigned_here
CN00128	1corintios	9	23	9:23	469	1corintios-9-23-P02	1	ἵνα	ινα	ινα	purpose	subordination	forward_or_embedded_local	1corintios-9-23-P02	1corintios-9-24-P01	9:23	9:24	True	local_candidate	not_assigned_here
CN00129	1corintios	9	24	9:24	471	1corintios-9-24-P02	1	ὅτι	οτι	οτι	explanatory	subordination	forward_or_embedded_local	1corintios-9-24-P02	1corintios-9-24-P03	9:24	9:24	True	local_candidate	not_assigned_here
CN00130	1corintios	9	24	9:24	474	1corintios-9-24-P05	1	ἵνα	ινα	ινα	purpose	subordination	forward_or_embedded_local	1corintios-9-24-P05	1corintios-9-25-P01	9:24	9:25	True	local_candidate	not_assigned_here
CN00131	1corintios	9	25	9:25	476	1corintios-9-25-P02	1	ἵνα	ινα	ινα	purpose	subordination	forward_or_embedded_local	1corintios-9-25-P02	1corintios-9-26-P01	9:25	9:26	True	local_candidate	not_assigned_here
CN00132	1corintios	9	26	9:26	478	1corintios-9-26-P02	1	ὡς	ως	ως	comparative	subordination	forward_or_embedded_local	1corintios-9-26-P02	1corintios-9-27-P01	9:26	9:27	True	local_candidate	not_assigned_here
CN00133	1corintios	10	1	10:1	483	1corintios-10-1-P02	1	ὅτι	οτι	οτι	explanatory	subordination	forward_or_embedded_local	1corintios-10-1-P02	1corintios-10-1-P03	10:1	10:1	True	local_candidate	not_assigned_here
CN00134	1corintios	10	6	10:6	493	1corintios-10-6-P02	1	καθὼς	καθως	καθως	comparative	subordination	forward_or_embedded_local	1corintios-10-6-P02	1corintios-10-7-P01	10:6	10:7	True	local_candidate	not_assigned_here
CN00135	1corintios	10	7	10:7	495	1corintios-10-7-P02	1	καθώς	καθως	καθως	comparative	subordination	forward_or_embedded_local	1corintios-10-7-P02	1corintios-10-7-P03	10:7	10:7	True	local_candidate	not_assigned_here
CN00136	1corintios	10	8	10:8	499	1corintios-10-8-P02	1	καθώς	καθως	καθως	comparative	subordination	forward_or_embedded_local	1corintios-10-8-P02	1corintios-10-8-P03	10:8	10:8	True	local_candidate	not_assigned_here
CN00137	1corintios	10	9	10:9	502	1corintios-10-9-P02	1	καθώς	καθως	καθως	comparative	subordination	forward_or_embedded_local	1corintios-10-9-P02	1corintios-10-9-P03	10:9	10:9	True	local_candidate	not_assigned_here
CN00138	1corintios	10	12	10:12	510	1corintios-10-12-P01	1	ὥστε	ωστε	ωστε	inferential	result	backward_local	1corintios-10-11-P03	1corintios-10-12-P01	10:11	10:12	True	local_candidate	not_assigned_here
CN00139	1corintios	10	13	10:13	513	1corintios-10-13-P02	1	εἰ	ει	ει	conditional	subordination	forward_or_embedded_local	1corintios-10-13-P02	1corintios-10-13-P03	10:13	10:13	True	local_candidate	not_assigned_here
CN00140	1corintios	10	15	10:15	517	1corintios-10-15-P01	1	ὡς	ως	ως	comparative	subordination	forward_or_embedded_local	1corintios-10-15-P01	1corintios-10-15-P02	10:15	10:15	True	local_candidate	not_assigned_here
CN00141	1corintios	10	17	10:17	524	1corintios-10-17-P01	1	ὅτι	οτι	οτι	explanatory	subordination	forward_or_embedded_local	1corintios-10-17-P01	1corintios-10-17-P02	10:17	10:17	True	local_candidate	not_assigned_here
CN00142	1corintios	10	19	10:19	529	1corintios-10-19-P02	1	ὅτι	οτι	οτι	explanatory	subordination	forward_or_embedded_local	1corintios-10-19-P02	1corintios-10-19-P03	10:19	10:19	True	local_candidate	not_assigned_here
CN00143	1corintios	10	19	10:19	530	1corintios-10-19-P03	1	ὅτι	οτι	οτι	explanatory	subordination	forward_or_embedded_local	1corintios-10-19-P03	1corintios-10-20-P01	10:19	10:20	True	local_candidate	not_assigned_here
CN00144	1corintios	10	20	10:20	531	1corintios-10-20-P01	1	ὅτι	οτι	οτι	explanatory	subordination	forward_or_embedded_local	1corintios-10-20-P01	1corintios-10-20-P02	10:20	10:20	True	local_candidate	not_assigned_here
CN00145	1corintios	10	27	10:27	544	1corintios-10-27-P01	1	εἴ	ει	ει	conditional	subordination	forward_or_embedded_local	1corintios-10-27-P01	1corintios-10-27-P02	10:27	10:27	True	local_candidate	not_assigned_here
CN00146	1corintios	10	28	10:28	547	1corintios-10-28-P01	1	ἐὰν	εαν	εαν	conditional	subordination	forward_or_embedded_local	1corintios-10-28-P01	1corintios-10-28-P02	10:28	10:28	True	local_candidate	not_assigned_here
CN00147	1corintios	10	30	10:30	552	1corintios-10-30-P01	1	εἰ	ει	ει	conditional	subordination	forward_or_embedded_local	1corintios-10-30-P01	1corintios-10-30-P02	10:30	10:30	True	local_candidate	not_assigned_here
CN00148	1corintios	10	33	10:33	560	1corintios-10-33-P01	1	καθὼς	καθως	καθως	comparative	subordination	forward_or_embedded_local	1corintios-10-33-P01	1corintios-10-33-P02	10:33	10:33	True	local_candidate	not_assigned_here
CN00149	1corintios	10	33	10:33	561	1corintios-10-33-P02	1	ἵνα	ινα	ινα	purpose	subordination	forward_or_embedded_local	1corintios-10-33-P02	1corintios-11-1-P01	10:33	11:1	True	local_candidate	not_assigned_here
CN00150	1corintios	11	2	11:2	564	1corintios-11-2-P02	1	ὅτι	οτι	οτι	explanatory	subordination	forward_or_embedded_local	1corintios-11-2-P02	1corintios-11-2-P03	11:2	11:2	True	local_candidate	not_assigned_here
CN00151	1corintios	11	2	11:2	565	1corintios-11-2-P03	1	καθὼς	καθως	καθως	comparative	subordination	forward_or_embedded_local	1corintios-11-2-P03	1corintios-11-2-P04	11:2	11:2	True	local_candidate	not_assigned_here
CN00152	1corintios	11	3	11:3	568	1corintios-11-3-P02	1	ὅτι	οτι	οτι	explanatory	subordination	forward_or_embedded_local	1corintios-11-3-P02	1corintios-11-4-P01	11:3	11:4	True	local_candidate	not_assigned_here
CN00153	1corintios	11	6	11:6	572	1corintios-11-6-P01	1	εἰ	ει	ει	conditional	subordination	forward_or_embedded_local	1corintios-11-6-P01	1corintios-11-6-P02	11:6	11:6	True	local_candidate	not_assigned_here
CN00154	1corintios	11	6	11:6	574	1corintios-11-6-P03	1	εἰ	ει	ει	conditional	subordination	forward_or_embedded_local	1corintios-11-6-P03	1corintios-11-7-P01	11:6	11:7	True	local_candidate	not_assigned_here
CN00155	1corintios	11	14	11:14	583	1corintios-11-14-P02	1	ὅτι	οτι	οτι	explanatory	subordination	forward_or_embedded_local	1corintios-11-14-P02	1corintios-11-14-P03	11:14	11:14	True	local_candidate	not_assigned_here
CN00156	1corintios	11	14	11:14	583	1corintios-11-14-P02	2	ἐὰν	εαν	εαν	conditional	subordination	forward_or_embedded_local	1corintios-11-14-P02	1corintios-11-14-P03	11:14	11:14	True	local_candidate	not_assigned_here
CN00157	1corintios	11	15	11:15	585	1corintios-11-15-P01	1	ἐὰν	εαν	εαν	conditional	subordination	forward_or_embedded_local	1corintios-11-15-P01	1corintios-11-15-P02	11:15	11:15	True	local_candidate	not_assigned_here
CN00158	1corintios	11	15	11:15	587	1corintios-11-15-P03	1	ὅτι	οτι	οτι	explanatory	subordination	forward_or_embedded_local	1corintios-11-15-P03	1corintios-11-16-P01	11:15	11:16	True	local_candidate	not_assigned_here
CN00159	1corintios	11	16	11:16	588	1corintios-11-16-P01	1	εἰ	ει	ει	conditional	subordination	forward_or_embedded_local	1corintios-11-16-P01	1corintios-11-16-P02	11:16	11:16	True	local_candidate	not_assigned_here
CN00160	1corintios	11	17	11:17	591	1corintios-11-17-P02	1	ὅτι	οτι	οτι	explanatory	subordination	forward_or_embedded_local	1corintios-11-17-P02	1corintios-11-18-P01	11:17	11:18	True	local_candidate	not_assigned_here
CN00161	1corintios	11	19	11:19	595	1corintios-11-19-P02	1	ἵνα	ινα	ινα	purpose	subordination	forward_or_embedded_local	1corintios-11-19-P02	1corintios-11-20-P01	11:19	11:20	True	local_candidate	not_assigned_here
CN00162	1corintios	11	23	11:23	608	1corintios-11-23-P03	1	ὅτι	οτι	οτι	explanatory	subordination	forward_or_embedded_local	1corintios-11-23-P03	1corintios-11-23-P04	11:23	11:23	True	local_candidate	not_assigned_here
CN00163	1corintios	11	25	11:25	616	1corintios-11-25-P03	1	ἐὰν	εαν	εαν	conditional	subordination	forward_or_embedded_local	1corintios-11-25-P03	1corintios-11-26-P01	11:25	11:26	True	local_candidate	not_assigned_here
CN00164	1corintios	11	26	11:26	617	1corintios-11-26-P01	1	ἐὰν	εαν	εαν	conditional	subordination	forward_or_embedded_local	1corintios-11-26-P01	1corintios-11-26-P02	11:26	11:26	True	local_candidate	not_assigned_here
CN00165	1corintios	11	27	11:27	621	1corintios-11-27-P01	1	ὥστε	ωστε	ωστε	inferential	result	backward_local	1corintios-11-26-P04	1corintios-11-27-P01	11:26	11:27	True	local_candidate	not_assigned_here
CN00166	1corintios	11	31	11:31	630	1corintios-11-31-P01	1	εἰ	ει	ει	conditional	subordination	forward_or_embedded_local	1corintios-11-31-P01	1corintios-11-31-P02	11:31	11:31	True	local_candidate	not_assigned_here
CN00167	1corintios	11	32	11:32	633	1corintios-11-32-P02	1	ἵνα	ινα	ινα	purpose	subordination	forward_or_embedded_local	1corintios-11-32-P02	1corintios-11-33-P01	11:32	11:33	True	local_candidate	not_assigned_here
CN00168	1corintios	11	33	11:33	634	1corintios-11-33-P01	1	ὥστε	ωστε	ωστε	inferential	result	backward_local	1corintios-11-32-P02	1corintios-11-33-P01	11:32	11:33	True	local_candidate	not_assigned_here
CN00169	1corintios	11	34	11:34	635	1corintios-11-34-P01	1	εἴ	ει	ει	conditional	subordination	forward_or_embedded_local	1corintios-11-34-P01	1corintios-11-34-P02	11:34	11:34	True	local_candidate	not_assigned_here
CN00170	1corintios	11	34	11:34	637	1corintios-11-34-P03	1	ἵνα	ινα	ινα	purpose	subordination	forward_or_embedded_local	1corintios-11-34-P03	1corintios-11-34-P04	11:34	11:34	True	local_candidate	not_assigned_here
CN00171	1corintios	11	34	11:34	638	1corintios-11-34-P04	1	ὡς	ως	ως	comparative	subordination	forward_or_embedded_local	1corintios-11-34-P04	1corintios-11-34-P05	11:34	11:34	True	local_candidate	not_assigned_here
CN00172	1corintios	12	2	12:2	642	1corintios-12-2-P02	1	ὅτι	οτι	οτι	explanatory	subordination	forward_or_embedded_local	1corintios-12-2-P02	1corintios-12-2-P03	12:2	12:2	True	local_candidate	not_assigned_here
CN00173	1corintios	12	2	12:2	643	1corintios-12-2-P03	1	ὡς	ως	ως	comparative	subordination	forward_or_embedded_local	1corintios-12-2-P03	1corintios-12-3-P01	12:2	12:3	True	local_candidate	not_assigned_here
CN00174	1corintios	12	3	12:3	645	1corintios-12-3-P02	1	ὅτι	οτι	οτι	explanatory	subordination	forward_or_embedded_local	1corintios-12-3-P02	1corintios-12-3-P03	12:3	12:3	True	local_candidate	not_assigned_here
CN00175	1corintios	12	11	12:11	653	1corintios-12-11-P02	1	καθὼς	καθως	καθως	comparative	subordination	forward_or_embedded_local	1corintios-12-11-P02	1corintios-12-12-P01	12:11	12:12	True	local_candidate	not_assigned_here
CN00176	1corintios	12	15	12:15	660	1corintios-12-15-P01	1	ἐὰν	εαν	εαν	conditional	subordination	forward_or_embedded_local	1corintios-12-15-P01	1corintios-12-15-P02	12:15	12:15	True	local_candidate	not_assigned_here
CN00177	1corintios	12	15	12:15	661	1corintios-12-15-P02	1	ὅτι	οτι	οτι	explanatory	subordination	forward_or_embedded_local	1corintios-12-15-P02	1corintios-12-15-P03	12:15	12:15	True	local_candidate	not_assigned_here
CN00178	1corintios	12	16	12:16	664	1corintios-12-16-P01	1	ἐὰν	εαν	εαν	conditional	subordination	forward_or_embedded_local	1corintios-12-16-P01	1corintios-12-16-P02	12:16	12:16	True	local_candidate	not_assigned_here
CN00179	1corintios	12	16	12:16	665	1corintios-12-16-P02	1	ὅτι	οτι	οτι	explanatory	subordination	forward_or_embedded_local	1corintios-12-16-P02	1corintios-12-16-P03	12:16	12:16	True	local_candidate	not_assigned_here
CN00180	1corintios	12	18	12:18	669	1corintios-12-18-P02	1	καθὼς	καθως	καθως	comparative	subordination	forward_or_embedded_local	1corintios-12-18-P02	1corintios-12-19-P01	12:18	12:19	True	local_candidate	not_assigned_here
CN00181	1corintios	12	19	12:19	670	1corintios-12-19-P01	1	εἰ	ει	ει	conditional	subordination	forward_or_embedded_local	1corintios-12-19-P01	1corintios-12-21-P01	12:19	12:21	True	local_candidate	not_assigned_here
CN00182	1corintios	12	25	12:25	680	1corintios-12-25-P01	1	ἵνα	ινα	ινα	purpose	subordination	forward_or_embedded_local	1corintios-12-25-P01	1corintios-12-25-P02	12:25	12:25	True	local_candidate	not_assigned_here
CN00183	1corintios	13	1	13:1	693	1corintios-13-1-P01	1	ἐὰν	εαν	εαν	conditional	subordination	forward_or_embedded_local	1corintios-13-1-P01	1corintios-13-1-P02	13:1	13:1	True	local_candidate	not_assigned_here
CN00184	1corintios	13	2	13:2	696	1corintios-13-2-P01	1	ἐὰν	εαν	εαν	conditional	subordination	forward_or_embedded_local	1corintios-13-2-P01	1corintios-13-2-P02	13:2	13:2	True	local_candidate	not_assigned_here
CN00185	1corintios	13	2	13:2	699	1corintios-13-2-P04	1	ὥστε	ωστε	ωστε	inferential	result	backward_local	1corintios-13-2-P03	1corintios-13-2-P04	13:2	13:2	True	local_candidate	not_assigned_here
CN00186	1corintios	13	10	13:10	722	1corintios-13-10-P01	1	ὅταν	οταν	οταν	temporal	subordination	forward_or_embedded_local	1corintios-13-10-P01	1corintios-13-10-P02	13:10	13:10	True	local_candidate	not_assigned_here
CN00187	1corintios	13	11	13:11	726	1corintios-13-11-P03	1	ὡς	ως	ως	comparative	subordination	forward_or_embedded_local	1corintios-13-11-P03	1corintios-13-11-P04	13:11	13:11	True	local_candidate	not_assigned_here
CN00188	1corintios	13	11	13:11	727	1corintios-13-11-P04	1	ὡς	ως	ως	comparative	subordination	forward_or_embedded_local	1corintios-13-11-P04	1corintios-13-11-P05	13:11	13:11	True	local_candidate	not_assigned_here
CN00189	1corintios	13	11	13:11	728	1corintios-13-11-P05	1	ὡς	ως	ως	comparative	subordination	forward_or_embedded_local	1corintios-13-11-P05	1corintios-13-11-P06	13:11	13:11	True	local_candidate	not_assigned_here
CN00190	1corintios	13	12	13:12	733	1corintios-13-12-P04	1	καθὼς	καθως	καθως	comparative	subordination	forward_or_embedded_local	1corintios-13-12-P04	1corintios-13-13-P01	13:12	13:13	True	local_candidate	not_assigned_here
CN00191	1corintios	14	1	14:1	737	1corintios-14-1-P03	1	ἵνα	ινα	ινα	purpose	subordination	forward_or_embedded_local	1corintios-14-1-P03	1corintios-14-2-P01	14:1	14:2	True	local_candidate	not_assigned_here
CN00192	1corintios	14	5	14:5	745	1corintios-14-5-P02	1	ἵνα	ινα	ινα	purpose	subordination	forward_or_embedded_local	1corintios-14-5-P02	1corintios-14-5-P03	14:5	14:5	True	local_candidate	not_assigned_here
CN00193	1corintios	14	5	14:5	746	1corintios-14-5-P03	1	εἰ	ει	ει	conditional	subordination	forward_or_embedded_local	1corintios-14-5-P03	1corintios-14-5-P04	14:5	14:5	True	local_candidate	not_assigned_here
CN00194	1corintios	14	5	14:5	747	1corintios-14-5-P04	1	ἵνα	ινα	ινα	purpose	subordination	forward_or_embedded_local	1corintios-14-5-P04	1corintios-14-6-P01	14:5	14:6	True	local_candidate	not_assigned_here
CN00195	1corintios	14	6	14:6	748	1corintios-14-6-P01	1	ἐὰν	εαν	εαν	conditional	subordination	forward_or_embedded_local	1corintios-14-6-P01	1corintios-14-6-P02	14:6	14:6	True	local_candidate	not_assigned_here
CN00196	1corintios	14	6	14:6	750	1corintios-14-6-P03	1	ἐὰν	εαν	εαν	conditional	subordination	forward_or_embedded_local	1corintios-14-6-P03	1corintios-14-7-P01	14:6	14:7	True	local_candidate	not_assigned_here
CN00197	1corintios	14	7	14:7	751	1corintios-14-7-P01	1	ἐὰν	εαν	εαν	conditional	subordination	forward_or_embedded_local	1corintios-14-7-P01	1corintios-14-7-P02	14:7	14:7	True	local_candidate	not_assigned_here
CN00198	1corintios	14	8	14:8	753	1corintios-14-8-P01	1	ἐὰν	εαν	εαν	conditional	subordination	forward_or_embedded_local	1corintios-14-8-P01	1corintios-14-8-P02	14:8	14:8	True	local_candidate	not_assigned_here
CN00199	1corintios	14	9	14:9	755	1corintios-14-9-P01	1	ἐὰν	εαν	εαν	conditional	subordination	forward_or_embedded_local	1corintios-14-9-P01	1corintios-14-9-P02	14:9	14:9	True	local_candidate	not_assigned_here
CN00200	1corintios	14	10	14:10	758	1corintios-14-10-P01	1	εἰ	ει	ει	conditional	subordination	forward_or_embedded_local	1corintios-14-10-P01	1corintios-14-10-P02	14:10	14:10	True	local_candidate	not_assigned_here
CN00201	1corintios	14	11	14:11	760	1corintios-14-11-P01	1	ἐὰν	εαν	εαν	conditional	subordination	forward_or_embedded_local	1corintios-14-11-P01	1corintios-14-11-P02	14:11	14:11	True	local_candidate	not_assigned_here
CN00202	1corintios	14	12	14:12	764	1corintios-14-12-P03	1	ἵνα	ινα	ινα	purpose	subordination	forward_or_embedded_local	1corintios-14-12-P03	1corintios-14-13-P01	14:12	14:13	True	local_candidate	not_assigned_here
CN00203	1corintios	14	13	14:13	766	1corintios-14-13-P02	1	ἵνα	ινα	ινα	purpose	subordination	forward_or_embedded_local	1corintios-14-13-P02	1corintios-14-14-P01	14:13	14:14	True	local_candidate	not_assigned_here
CN00204	1corintios	14	14	14:14	767	1corintios-14-14-P01	1	ἐὰν	εαν	εαν	conditional	subordination	forward_or_embedded_local	1corintios-14-14-P01	1corintios-14-14-P02	14:14	14:14	True	local_candidate	not_assigned_here
CN00205	1corintios	14	16	14:16	775	1corintios-14-16-P01	1	ἐὰν	εαν	εαν	conditional	subordination	forward_or_embedded_local	1corintios-14-16-P01	1corintios-14-16-P02	14:16	14:16	True	local_candidate	not_assigned_here
CN00206	1corintios	14	19	14:19	784	1corintios-14-19-P02	1	ἵνα	ινα	ινα	purpose	subordination	forward_or_embedded_local	1corintios-14-19-P02	1corintios-14-20-P01	14:19	14:20	True	local_candidate	not_assigned_here
CN00207	1corintios	14	21	14:21	789	1corintios-14-21-P02	1	ὅτι	οτι	οτι	explanatory	subordination	forward_or_embedded_local	1corintios-14-21-P02	1corintios-14-21-P03	14:21	14:21	True	local_candidate	not_assigned_here
CN00208	1corintios	14	22	14:22	792	1corintios-14-22-P01	1	ὥστε	ωστε	ωστε	inferential	result	backward_local	1corintios-14-21-P04	1corintios-14-22-P01	14:21	14:22	True	local_candidate	not_assigned_here
CN00209	1corintios	14	23	14:23	793	1corintios-14-23-P01	1	ἐὰν	εαν	εαν	conditional	subordination	forward_or_embedded_local	1corintios-14-23-P01	1corintios-14-23-P02	14:23	14:23	True	local_candidate	not_assigned_here
CN00210	1corintios	14	23	14:23	797	1corintios-14-23-P05	1	ὅτι	οτι	οτι	explanatory	subordination	forward_or_embedded_local	1corintios-14-23-P05	1corintios-14-24-P01	14:23	14:24	True	local_candidate	not_assigned_here
CN00211	1corintios	14	24	14:24	798	1corintios-14-24-P01	1	ἐὰν	εαν	εαν	conditional	subordination	forward_or_embedded_local	1corintios-14-24-P01	1corintios-14-24-P02	14:24	14:24	True	local_candidate	not_assigned_here
CN00212	1corintios	14	25	14:25	804	1corintios-14-25-P03	1	ὅτι	οτι	οτι	explanatory	subordination	forward_or_embedded_local	1corintios-14-25-P03	1corintios-14-26-P01	14:25	14:26	True	local_candidate	not_assigned_here
CN00213	1corintios	14	26	14:26	806	1corintios-14-26-P02	1	ὅταν	οταν	οταν	temporal	subordination	forward_or_embedded_local	1corintios-14-26-P02	1corintios-14-26-P03	14:26	14:26	True	local_candidate	not_assigned_here
CN00214	1corintios	14	28	14:28	815	1corintios-14-28-P01	1	ἐὰν	εαν	εαν	conditional	subordination	forward_or_embedded_local	1corintios-14-28-P01	1corintios-14-28-P02	14:28	14:28	True	local_candidate	not_assigned_here
CN00215	1corintios	14	30	14:30	820	1corintios-14-30-P01	1	ἐὰν	εαν	εαν	conditional	subordination	forward_or_embedded_local	1corintios-14-30-P01	1corintios-14-30-P02	14:30	14:30	True	local_candidate	not_assigned_here
CN00216	1corintios	14	31	14:31	823	1corintios-14-31-P02	1	ἵνα	ινα	ινα	purpose	subordination	forward_or_embedded_local	1corintios-14-31-P02	1corintios-14-31-P03	14:31	14:31	True	local_candidate	not_assigned_here
CN00217	1corintios	14	34	14:34	830	1corintios-14-34-P04	1	καθὼς	καθως	καθως	comparative	subordination	forward_or_embedded_local	1corintios-14-34-P04	1corintios-14-35-P01	14:34	14:35	True	local_candidate	not_assigned_here
CN00218	1corintios	14	35	14:35	831	1corintios-14-35-P01	1	εἰ	ει	ει	conditional	subordination	forward_or_embedded_local	1corintios-14-35-P01	1corintios-14-35-P02	14:35	14:35	True	local_candidate	not_assigned_here
CN00219	1corintios	14	37	14:37	836	1corintios-14-37-P01	1	εἴ	ει	ει	conditional	subordination	forward_or_embedded_local	1corintios-14-37-P01	1corintios-14-37-P02	14:37	14:37	True	local_candidate	not_assigned_here
CN00220	1corintios	14	37	14:37	839	1corintios-14-37-P04	1	ὅτι	οτι	οτι	explanatory	subordination	forward_or_embedded_local	1corintios-14-37-P04	1corintios-14-38-P01	14:37	14:38	True	local_candidate	not_assigned_here
CN00221	1corintios	14	38	14:38	840	1corintios-14-38-P01	1	εἰ	ει	ει	conditional	subordination	forward_or_embedded_local	1corintios-14-38-P01	1corintios-14-38-P02	14:38	14:38	True	local_candidate	not_assigned_here
CN00222	1corintios	14	39	14:39	842	1corintios-14-39-P01	1	ὥστε	ωστε	ωστε	inferential	result	backward_local	1corintios-14-38-P02	1corintios-14-39-P01	14:38	14:39	True	local_candidate	not_assigned_here
CN00223	1corintios	15	2	15:2	851	1corintios-15-2-P03	1	εἰ	ει	ει	conditional	subordination	forward_or_embedded_local	1corintios-15-2-P03	1corintios-15-2-P04	15:2	15:2	True	local_candidate	not_assigned_here
CN00224	1corintios	15	2	15:2	852	1corintios-15-2-P04	1	εἰ	ει	ει	conditional	subordination	forward_or_embedded_local	1corintios-15-2-P04	1corintios-15-3-P01	15:2	15:3	True	local_candidate	not_assigned_here
CN00225	1corintios	15	3	15:3	855	1corintios-15-3-P03	1	ὅτι	οτι	οτι	explanatory	subordination	forward_or_embedded_local	1corintios-15-3-P03	1corintios-15-4-P01	15:3	15:4	True	local_candidate	not_assigned_here
CN00226	1corintios	15	4	15:4	856	1corintios-15-4-P01	1	ὅτι	οτι	οτι	explanatory	subordination	forward_or_embedded_local	1corintios-15-4-P01	1corintios-15-4-P02	15:4	15:4	True	local_candidate	not_assigned_here
CN00227	1corintios	15	4	15:4	857	1corintios-15-4-P02	1	ὅτι	οτι	οτι	explanatory	subordination	forward_or_embedded_local	1corintios-15-4-P02	1corintios-15-5-P01	15:4	15:5	True	local_candidate	not_assigned_here
CN00228	1corintios	15	5	15:5	858	1corintios-15-5-P01	1	ὅτι	οτι	οτι	explanatory	subordination	forward_or_embedded_local	1corintios-15-5-P01	1corintios-15-6-P01	15:5	15:6	True	local_candidate	not_assigned_here
CN00229	1corintios	15	12	15:12	873	1corintios-15-12-P01	1	εἰ	ει	ει	conditional	subordination	forward_or_embedded_local	1corintios-15-12-P01	1corintios-15-12-P02	15:12	15:12	True	local_candidate	not_assigned_here
CN00230	1corintios	15	12	15:12	874	1corintios-15-12-P02	1	ὅτι	οτι	οτι	explanatory	subordination	forward_or_embedded_local	1corintios-15-12-P02	1corintios-15-12-P03	15:12	15:12	True	local_candidate	not_assigned_here
CN00231	1corintios	15	12	15:12	876	1corintios-15-12-P04	1	ὅτι	οτι	οτι	explanatory	subordination	forward_or_embedded_local	1corintios-15-12-P04	1corintios-15-13-P01	15:12	15:13	True	local_candidate	not_assigned_here
CN00232	1corintios	15	13	15:13	877	1corintios-15-13-P01	1	εἰ	ει	ει	conditional	subordination	forward_or_embedded_local	1corintios-15-13-P01	1corintios-15-13-P02	15:13	15:13	True	local_candidate	not_assigned_here
CN00233	1corintios	15	14	15:14	879	1corintios-15-14-P01	1	εἰ	ει	ει	conditional	subordination	forward_or_embedded_local	1corintios-15-14-P01	1corintios-15-15-P01	15:14	15:15	True	local_candidate	not_assigned_here
CN00234	1corintios	15	15	15:15	881	1corintios-15-15-P02	1	ὅτι	οτι	οτι	explanatory	subordination	forward_or_embedded_local	1corintios-15-15-P02	1corintios-15-15-P03	15:15	15:15	True	local_candidate	not_assigned_here
CN00235	1corintios	15	15	15:15	882	1corintios-15-15-P03	1	ὅτι	οτι	οτι	explanatory	subordination	forward_or_embedded_local	1corintios-15-15-P03	1corintios-15-15-P04	15:15	15:15	True	local_candidate	not_assigned_here
CN00236	1corintios	15	16	15:16	885	1corintios-15-16-P01	1	εἰ	ει	ει	conditional	subordination	forward_or_embedded_local	1corintios-15-16-P01	1corintios-15-16-P02	15:16	15:16	True	local_candidate	not_assigned_here
CN00237	1corintios	15	17	15:17	887	1corintios-15-17-P01	1	εἰ	ει	ει	conditional	subordination	forward_or_embedded_local	1corintios-15-17-P01	1corintios-15-17-P02	15:17	15:17	True	local_candidate	not_assigned_here
CN00238	1corintios	15	19	15:19	890	1corintios-15-19-P01	1	εἰ	ει	ει	conditional	subordination	forward_or_embedded_local	1corintios-15-19-P01	1corintios-15-19-P02	15:19	15:19	True	local_candidate	not_assigned_here
CN00239	1corintios	15	24	15:24	895	1corintios-15-24-P01	1	ὅταν	οταν	οταν	temporal	subordination	forward_or_embedded_local	1corintios-15-24-P01	1corintios-15-24-P02	15:24	15:24	True	local_candidate	not_assigned_here
CN00240	1corintios	15	24	15:24	896	1corintios-15-24-P02	1	ὅταν	οταν	οταν	temporal	subordination	forward_or_embedded_local	1corintios-15-24-P02	1corintios-15-25-P01	15:24	15:25	True	local_candidate	not_assigned_here
CN00241	1corintios	15	27	15:27	901	1corintios-15-27-P02	1	ὅταν	οταν	οταν	temporal	subordination	forward_or_embedded_local	1corintios-15-27-P02	1corintios-15-27-P03	15:27	15:27	True	local_candidate	not_assigned_here
CN00242	1corintios	15	27	15:27	902	1corintios-15-27-P03	1	ὅτι	οτι	οτι	explanatory	subordination	forward_or_embedded_local	1corintios-15-27-P03	1corintios-15-28-P01	15:27	15:28	True	local_candidate	not_assigned_here
CN00243	1corintios	15	28	15:28	903	1corintios-15-28-P01	1	ὅταν	οταν	οταν	temporal	subordination	forward_or_embedded_local	1corintios-15-28-P01	1corintios-15-28-P02	15:28	15:28	True	local_candidate	not_assigned_here
CN00244	1corintios	15	28	15:28	905	1corintios-15-28-P03	1	ἵνα	ινα	ινα	purpose	subordination	forward_or_embedded_local	1corintios-15-28-P03	1corintios-15-29-P01	15:28	15:29	True	local_candidate	not_assigned_here
CN00245	1corintios	15	29	15:29	907	1corintios-15-29-P02	1	εἰ	ει	ει	conditional	subordination	forward_or_embedded_local	1corintios-15-29-P02	1corintios-15-29-P03	15:29	15:29	True	local_candidate	not_assigned_here
CN00246	1corintios	15	32	15:32	912	1corintios-15-32-P01	1	εἰ	ει	ει	conditional	subordination	forward_or_embedded_local	1corintios-15-32-P01	1corintios-15-32-P02	15:32	15:32	True	local_candidate	not_assigned_here
CN00247	1corintios	15	32	15:32	913	1corintios-15-32-P02	1	εἰ	ει	ει	conditional	subordination	forward_or_embedded_local	1corintios-15-32-P02	1corintios-15-32-P03	15:32	15:32	True	local_candidate	not_assigned_here
CN00248	1corintios	15	36	15:36	928	1corintios-15-36-P03	1	ἐὰν	εαν	εαν	conditional	subordination	forward_or_embedded_local	1corintios-15-36-P03	1corintios-15-37-P01	15:36	15:37	True	local_candidate	not_assigned_here
CN00249	1corintios	15	37	15:37	931	1corintios-15-37-P03	1	εἰ	ει	ει	conditional	subordination	forward_or_embedded_local	1corintios-15-37-P03	1corintios-15-38-P01	15:37	15:38	True	local_candidate	not_assigned_here
CN00250	1corintios	15	38	15:38	933	1corintios-15-38-P02	1	καθὼς	καθως	καθως	comparative	subordination	forward_or_embedded_local	1corintios-15-38-P02	1corintios-15-41-P01	15:38	15:41	True	local_candidate	not_assigned_here
CN00251	1corintios	15	44	15:44	943	1corintios-15-44-P03	1	εἰ	ει	ει	conditional	subordination	forward_or_embedded_local	1corintios-15-44-P03	1corintios-15-44-P04	15:44	15:44	True	local_candidate	not_assigned_here
CN00252	1corintios	15	49	15:49	947	1corintios-15-49-P01	1	καθὼς	καθως	καθως	comparative	subordination	forward_or_embedded_local	1corintios-15-49-P01	1corintios-15-49-P02	15:49	15:49	True	local_candidate	not_assigned_here
CN00253	1corintios	15	50	15:50	950	1corintios-15-50-P02	1	ὅτι	οτι	οτι	explanatory	subordination	forward_or_embedded_local	1corintios-15-50-P02	1corintios-15-50-P03	15:50	15:50	True	local_candidate	not_assigned_here
CN00254	1corintios	15	54	15:54	959	1corintios-15-54-P01	1	ὅταν	οταν	οταν	temporal	subordination	forward_or_embedded_local	1corintios-15-54-P01	1corintios-15-54-P02	15:54	15:54	True	local_candidate	not_assigned_here
CN00255	1corintios	15	58	15:58	963	1corintios-15-58-P01	1	ὥστε	ωστε	ωστε	inferential	result	backward_local	1corintios-15-54-P04	1corintios-15-58-P01	15:54	15:58	True	local_candidate	not_assigned_here
CN00256	1corintios	15	58	15:58	964	1corintios-15-58-P02	1	ὅτι	οτι	οτι	explanatory	subordination	forward_or_embedded_local	1corintios-15-58-P02	1corintios-16-1-P01	15:58	16:1	True	local_candidate	not_assigned_here
CN00257	1corintios	16	2	16:2	968	1corintios-16-2-P02	1	ἐὰν	εαν	εαν	conditional	subordination	forward_or_embedded_local	1corintios-16-2-P02	1corintios-16-2-P03	16:2	16:2	True	local_candidate	not_assigned_here
CN00258	1corintios	16	2	16:2	969	1corintios-16-2-P03	1	ἵνα	ινα	ινα	purpose	subordination	forward_or_embedded_local	1corintios-16-2-P03	1corintios-16-2-P04	16:2	16:2	True	local_candidate	not_assigned_here
CN00259	1corintios	16	2	16:2	969	1corintios-16-2-P03	2	ὅταν	οταν	οταν	temporal	subordination	forward_or_embedded_local	1corintios-16-2-P03	1corintios-16-2-P04	16:2	16:2	True	local_candidate	not_assigned_here
CN00260	1corintios	16	3	16:3	971	1corintios-16-3-P01	1	ὅταν	οταν	οταν	temporal	subordination	forward_or_embedded_local	1corintios-16-3-P01	1corintios-16-3-P02	16:3	16:3	True	local_candidate	not_assigned_here
CN00261	1corintios	16	3	16:3	972	1corintios-16-3-P02	1	ἐὰν	εαν	εαν	conditional	subordination	forward_or_embedded_local	1corintios-16-3-P02	1corintios-16-3-P03	16:3	16:3	True	local_candidate	not_assigned_here
CN00262	1corintios	16	4	16:4	974	1corintios-16-4-P01	1	ἐὰν	εαν	εαν	conditional	subordination	forward_or_embedded_local	1corintios-16-4-P01	1corintios-16-4-P02	16:4	16:4	True	local_candidate	not_assigned_here
CN00263	1corintios	16	5	16:5	977	1corintios-16-5-P02	1	ὅταν	οταν	οταν	temporal	subordination	forward_or_embedded_local	1corintios-16-5-P02	1corintios-16-5-P03	16:5	16:5	True	local_candidate	not_assigned_here
CN00264	1corintios	16	6	16:6	981	1corintios-16-6-P03	1	ἵνα	ινα	ινα	purpose	subordination	forward_or_embedded_local	1corintios-16-6-P03	1corintios-16-6-P04	16:6	16:6	True	local_candidate	not_assigned_here
CN00265	1corintios	16	6	16:6	982	1corintios-16-6-P04	1	ἐὰν	εαν	εαν	conditional	subordination	forward_or_embedded_local	1corintios-16-6-P04	1corintios-16-7-P01	16:6	16:7	True	local_candidate	not_assigned_here
CN00266	1corintios	16	7	16:7	985	1corintios-16-7-P03	1	ἐὰν	εαν	εαν	conditional	subordination	forward_or_embedded_local	1corintios-16-7-P03	1corintios-16-8-P01	16:7	16:8	True	local_candidate	not_assigned_here
CN00267	1corintios	16	10	16:10	988	1corintios-16-10-P01	1	ἐὰν	εαν	εαν	conditional	subordination	forward_or_embedded_local	1corintios-16-10-P01	1corintios-16-10-P02	16:10	16:10	True	local_candidate	not_assigned_here
CN00268	1corintios	16	10	16:10	990	1corintios-16-10-P03	1	ἵνα	ινα	ινα	purpose	subordination	forward_or_embedded_local	1corintios-16-10-P03	1corintios-16-10-P04	16:10	16:10	True	local_candidate	not_assigned_here
CN00269	1corintios	16	11	16:11	994	1corintios-16-11-P03	1	ἵνα	ινα	ινα	purpose	subordination	forward_or_embedded_local	1corintios-16-11-P03	1corintios-16-11-P04	16:11	16:11	True	local_candidate	not_assigned_here
CN00270	1corintios	16	12	16:12	997	1corintios-16-12-P02	1	ἵνα	ινα	ινα	purpose	subordination	forward_or_embedded_local	1corintios-16-12-P02	1corintios-16-12-P03	16:12	16:12	True	local_candidate	not_assigned_here
CN00271	1corintios	16	12	16:12	999	1corintios-16-12-P04	1	ἵνα	ινα	ινα	purpose	subordination	forward_or_embedded_local	1corintios-16-12-P04	1corintios-16-12-P05	16:12	16:12	True	local_candidate	not_assigned_here
CN00272	1corintios	16	12	16:12	1001	1corintios-16-12-P06	1	ὅταν	οταν	οταν	temporal	subordination	forward_or_embedded_local	1corintios-16-12-P06	1corintios-16-14-P01	16:12	16:14	True	local_candidate	not_assigned_here
CN00273	1corintios	16	15	16:15	1005	1corintios-16-15-P03	1	ὅτι	οτι	οτι	explanatory	subordination	forward_or_embedded_local	1corintios-16-15-P03	1corintios-16-15-P04	16:15	16:15	True	local_candidate	not_assigned_here
CN00274	1corintios	16	16	16:16	1007	1corintios-16-16-P01	1	ἵνα	ινα	ινα	purpose	subordination	forward_or_embedded_local	1corintios-16-16-P01	1corintios-16-17-P01	16:16	16:17	True	local_candidate	not_assigned_here
CN00275	1corintios	16	17	16:17	1009	1corintios-16-17-P02	1	ὅτι	οτι	οτι	explanatory	subordination	forward_or_embedded_local	1corintios-16-17-P02	1corintios-16-18-P01	16:17	16:18	True	local_candidate	not_assigned_here
CN00276	1corintios	16	22	16:22	1016	1corintios-16-22-P01	1	εἴ	ει	ει	conditional	subordination	forward_or_embedded_local	1corintios-16-22-P01	1corintios-16-22-P02	16:22	16:22	True	local_candidate	not_assigned_here
