calibrated_window_id	book	window_index	start_ref	end_ref	start_stream_index	end_stream_index	predication_count	raw_band	calibrated_band	calibration_reason	band_changed	dominant_field	dominant_tendency	state_counts	label_counts	label_dominance_ratio	persistence_total	transition_total	extension_total	weakening_total	pressure_delta	smoothed_band	smoothing_changed	smoothing_neighborhood
CMW00001	1corintios	1	1:4	1:12	1	12	12	transition_cluster	transition_cluster	unstable_ratio_pressure	False	unstable	ACLARA	"{""recovering"": 2, ""stable"": 1, ""unstable"": 9}"	"{""ACLARA"": 11, ""EXPONE"": 2, ""PROPÓSITO"": 1, ""RAZÓN"": 2}"	0.6875	4	56	3	37	52	transition_cluster	False	"[""CMW00001"", ""CMW00002""]"
CMW00002	1corintios	2	1:12	1:16	13	24	12	transition_cluster	transition_cluster	unstable_ratio_pressure	False	unstable	ACLARA	"{""stable"": 4, ""transitioning"": 2, ""unstable"": 6}"	"{""ACLARA"": 8, ""EXPONE"": 4, ""PROPÓSITO"": 1, ""RAZÓN"": 3}"	0.5	16	44	10	28	28	transition_cluster	False	"[""CMW00001"", ""CMW00002"", ""CMW00003""]"
CMW00003	1corintios	3	1:17	1:22	25	36	12	extended_stable_field	mixed_continuity	default_mixed	True	stable	EXPONE	"{""recovering"": 1, ""stable"": 8, ""transitioning"": 3}"	"{""ACLARA"": 4, ""CONDICIÓN"": 1, ""EXPONE"": 8, ""PROPÓSITO"": 1}"	0.5714	30	14	20	7	-16	mixed_continuity	False	"[""CMW00002"", ""CMW00003"", ""CMW00004""]"
CMW00004	1corintios	4	1:23	1:30	37	48	12	movement_accumulation	mixed_continuity	default_mixed	True	stable	ACLARA	"{""stable"": 6, ""transitioning"": 4, ""unstable"": 2}"	"{""ACLARA"": 6, ""EXPONE"": 6, ""PROPÓSITO"": 3, ""RAZÓN"": 1}"	0.375	26	28	16	16	2	mixed_continuity	False	"[""CMW00003"", ""CMW00004"", ""CMW00005""]"
CMW00005	1corintios	5	1:31	2:8	49	60	12	mixed_continuity	mixed_continuity	default_mixed	False	stable	EXPONE	"{""recovering"": 1, ""stable"": 7, ""transitioning"": 3, ""unstable"": 1}"	"{""ACLARA"": 6, ""CONDICIÓN"": 1, ""EXPONE"": 7, ""PROPÓSITO"": 2}"	0.4375	27	20	18	11	-7	mixed_continuity	False	"[""CMW00004"", ""CMW00005"", ""CMW00006""]"
CMW00006	1corintios	6	2:9	2:13	61	72	12	extended_stable_field	extended_stable_field	stable_ratio_threshold	False	stable	EXPONE	"{""recovering"": 1, ""stable"": 10, ""transitioning"": 1}"	"{""ACLARA"": 3, ""CONDICIÓN"": 1, ""EXPONE"": 10, ""PROPÓSITO"": 1}"	0.6667	32	6	22	3	-26	mixed_continuity	True	"[""CMW00005"", ""CMW00006"", ""CMW00007""]"
CMW00007	1corintios	7	2:14	3:2	73	84	12	extended_stable_field	mixed_continuity	default_mixed	True	stable	EXPONE	"{""recovering"": 1, ""stable"": 8, ""transitioning"": 2, ""unstable"": 1}"	"{""ACLARA"": 5, ""EXPONE"": 8, ""RAZÓN"": 1}"	0.5714	28	16	18	9	-12	extended_stable_field	True	"[""CMW00006"", ""CMW00007"", ""CMW00008""]"
CMW00008	1corintios	8	3:2	3:6	85	96	12	transition_cluster	transition_cluster	unstable_ratio_pressure	False	unstable	ACLARA	"{""stable"": 5, ""transitioning"": 1, ""unstable"": 6}"	"{""ACLARA"": 7, ""EXPONE"": 5}"	0.5833	17	40	11	26	23	mixed_continuity	True	"[""CMW00007"", ""CMW00008"", ""CMW00009""]"
CMW00009	1corintios	9	3:6	3:11	97	108	12	mixed_continuity	mixed_continuity	default_mixed	False	stable	ACLARA	"{""recovering"": 2, ""stable"": 5, ""transitioning"": 3, ""unstable"": 2}"	"{""ACLARA"": 7, ""EXPONE"": 5, ""RESULTADO"": 1}"	0.5385	21	29	13	16	8	transition_cluster	True	"[""CMW00008"", ""CMW00009"", ""CMW00010""]"
CMW00010	1corintios	10	3:11	3:15	109	120	12	extended_stable_field	extended_stable_field	stable_ratio_threshold	False	stable	EXPONE	"{""stable"": 12}"	"{""ACLARA"": 1, ""CONDICIÓN"": 3, ""EXPONE"": 12, ""RAZÓN"": 1}"	0.7059	36	0	27	0	-36	mixed_continuity	True	"[""CMW00009"", ""CMW00010"", ""CMW00011""]"
CMW00011	1corintios	11	3:15	3:18	121	132	12	movement_accumulation	mixed_continuity	default_mixed	True	stable	EXPONE	"{""stable"": 8, ""transitioning"": 4}"	"{""ACLARA"": 4, ""CONDICIÓN"": 2, ""EXPONE"": 8, ""RAZÓN"": 1}"	0.5333	32	16	22	8	-16	extended_stable_field	True	"[""CMW00010"", ""CMW00011"", ""CMW00012""]"
CMW00012	1corintios	12	3:19	4:3	133	144	12	extended_stable_field	extended_stable_field	stable_ratio_threshold	False	stable	EXPONE	"{""recovering"": 1, ""stable"": 9, ""transitioning"": 2}"	"{""ACLARA"": 3, ""EXPONE"": 9, ""PROPÓSITO"": 3, ""RAZÓN"": 1, ""RESULTADO"": 1}"	0.5294	29	9	19	4	-20	mixed_continuity	True	"[""CMW00011"", ""CMW00012"", ""CMW00013""]"
CMW00013	1corintios	13	4:4	4:6	145	156	12	transition_cluster	mixed_continuity	default_mixed	True	stable	ACLARA	"{""stable"": 5, ""transitioning"": 2, ""unstable"": 5}"	"{""ACLARA"": 7, ""EXPONE"": 5, ""PROPÓSITO"": 1, ""RESULTADO"": 1}"	0.5	19	39	12	24	20	mixed_continuity	False	"[""CMW00012"", ""CMW00013"", ""CMW00014""]"
CMW00014	1corintios	14	4:7	4:9	157	168	12	mixed_continuity	mixed_continuity	default_mixed	False	stable	ACLARA	"{""recovering"": 2, ""stable"": 6, ""transitioning"": 3, ""unstable"": 1}"	"{""ACLARA"": 6, ""CONDICIÓN"": 1, ""EXPONE"": 6, ""PROPÓSITO"": 2}"	0.4	24	22	16	12	-2	mixed_continuity	False	"[""CMW00013"", ""CMW00014"", ""CMW00015""]"
CMW00015	1corintios	15	4:9	4:14	169	180	12	extended_stable_field	extended_stable_field	stable_ratio_threshold	False	stable	EXPONE	"{""recovering"": 1, ""stable"": 10, ""transitioning"": 1}"	"{""ACLARA"": 3, ""EXPONE"": 10, ""RAZÓN"": 1}"	0.7143	32	6	21	3	-26	mixed_continuity	True	"[""CMW00014"", ""CMW00015"", ""CMW00016""]"
CMW00016	1corintios	16	4:15	4:19	181	192	12	transition_cluster	transition_cluster	unstable_ratio_pressure	False	unstable	ACLARA	"{""stable"": 2, ""unstable"": 10}"	"{""ACLARA"": 10, ""CONDICIÓN"": 2, ""EXPONE"": 2}"	0.7143	6	60	6	40	54	transition_cluster	False	"[""CMW00015"", ""CMW00016"", ""CMW00017""]"
CMW00017	1corintios	17	4:21	5:7	193	204	12	transition_cluster	transition_cluster	unstable_ratio_pressure	False	unstable	ACLARA	"{""stable"": 2, ""transitioning"": 2, ""unstable"": 8}"	"{""ACLARA"": 10, ""EXPONE"": 2, ""PROPÓSITO"": 2, ""RAZÓN"": 1}"	0.6667	10	56	6	36	46	transition_cluster	False	"[""CMW00016"", ""CMW00017"", ""CMW00018""]"
CMW00018	1corintios	18	5:7	6:2	205	216	12	transition_cluster	transition_cluster	unstable_ratio_pressure	False	unstable	ACLARA	"{""recovering"": 1, ""stable"": 1, ""unstable"": 10}"	"{""ACLARA"": 11, ""CONDICIÓN"": 1, ""EXPONE"": 1, ""PROPÓSITO"": 1, ""RESULTADO"": 1}"	0.7333	3	63	3	41	60	transition_cluster	False	"[""CMW00017"", ""CMW00018"", ""CMW00019""]"
CMW00019	1corintios	19	6:2	6:7	217	228	12	transition_cluster	mixed_continuity	default_mixed	True	stable	ACLARA	"{""recovering"": 1, ""stable"": 5, ""transitioning"": 2, ""unstable"": 4}"	"{""ACLARA"": 7, ""CONDICIÓN"": 2, ""EXPONE"": 5, ""RAZÓN"": 2}"	0.4375	19	34	14	21	15	mixed_continuity	False	"[""CMW00018"", ""CMW00019"", ""CMW00020""]"
CMW00020	1corintios	20	6:7	6:11	229	240	12	mixed_continuity	mixed_continuity	default_mixed	False	stable	EXPONE	"{""stable"": 7, ""transitioning"": 3, ""unstable"": 2}"	"{""ACLARA"": 6, ""EXPONE"": 7, ""RAZÓN"": 2}"	0.4667	27	24	17	14	-3	mixed_continuity	False	"[""CMW00019"", ""CMW00020"", ""CMW00021""]"
CMW00021	1corintios	21	6:11	6:15	241	252	12	transition_cluster	mixed_continuity	default_mixed	True	stable	ACLARA	"{""stable"": 5, ""transitioning"": 3, ""unstable"": 4}"	"{""ACLARA"": 7, ""EXPONE"": 5, ""RAZÓN"": 1}"	0.5385	21	36	13	22	15	mixed_continuity	False	"[""CMW00020"", ""CMW00021"", ""CMW00022""]"
CMW00022	1corintios	22	6:16	6:19	253	264	12	movement_accumulation	mixed_continuity	default_mixed	True	transitioning	ACLARA	"{""recovering"": 2, ""stable"": 3, ""transitioning"": 4, ""unstable"": 3}"	"{""ACLARA"": 9, ""CONDICIÓN"": 1, ""EXPONE"": 3, ""RAZÓN"": 2}"	0.6	17	38	11	22	21	mixed_continuity	False	"[""CMW00021"", ""CMW00022"", ""CMW00023""]"
CMW00023	1corintios	23	6:19	7:5	265	276	12	extended_stable_field	extended_stable_field	stable_ratio_threshold	False	stable	EXPONE	"{""stable"": 10, ""transitioning"": 2}"	"{""ACLARA"": 2, ""CONDICIÓN"": 1, ""EXPONE"": 10, ""PROPÓSITO"": 1}"	0.7143	34	8	23	4	-26	mixed_continuity	True	"[""CMW00022"", ""CMW00023"", ""CMW00024""]"
CMW00024	1corintios	24	7:5	7:11	277	288	12	movement_accumulation	mixed_continuity	default_mixed	True	stable	ACLARA	"{""recovering"": 1, ""stable"": 4, ""transitioning"": 4, ""unstable"": 3}"	"{""ACLARA"": 8, ""CONDICIÓN"": 3, ""EXPONE"": 4, ""PROPÓSITO"": 1}"	0.5	20	36	15	21	16	extended_stable_field	True	"[""CMW00023"", ""CMW00024"", ""CMW00025""]"
CMW00025	1corintios	25	7:11	7:14	289	300	12	extended_stable_field	extended_stable_field	stable_ratio_threshold	False	stable	EXPONE	"{""stable"": 10, ""transitioning"": 2}"	"{""ACLARA"": 2, ""CONDICIÓN"": 2, ""EXPONE"": 10}"	0.7143	34	8	24	4	-26	extended_stable_field	False	"[""CMW00024"", ""CMW00025"", ""CMW00026""]"
CMW00026	1corintios	26	7:15	7:17	301	312	12	extended_stable_field	extended_stable_field	stable_ratio_threshold	False	stable	EXPONE	"{""stable"": 9, ""transitioning"": 3}"	"{""ACLARA"": 5, ""CONDICIÓN"": 4, ""EXPONE"": 9}"	0.5	33	12	25	6	-21	extended_stable_field	False	"[""CMW00025"", ""CMW00026"", ""CMW00027""]"
CMW00027	1corintios	27	7:18	7:21	313	324	12	extended_stable_field	mixed_continuity	default_mixed	True	stable	EXPONE	"{""stable"": 8, ""transitioning"": 2, ""unstable"": 2}"	"{""ACLARA"": 4, ""CONDICIÓN"": 1, ""EXPONE"": 8}"	0.6154	28	20	19	12	-8	mixed_continuity	False	"[""CMW00026"", ""CMW00027"", ""CMW00028""]"
CMW00028	1corintios	28	7:22	7:27	325	336	12	movement_accumulation	mixed_continuity	default_mixed	True	stable	EXPONE	"{""stable"": 7, ""transitioning"": 5}"	"{""ACLARA"": 5, ""EXPONE"": 7}"	0.5833	31	20	19	10	-11	mixed_continuity	False	"[""CMW00027"", ""CMW00028"", ""CMW00029""]"
CMW00029	1corintios	29	7:27	7:32	337	348	12	mixed_continuity	mixed_continuity	default_mixed	False	stable	ACLARA	"{""recovering"": 3, ""stable"": 5, ""transitioning"": 1, ""unstable"": 3}"	"{""ACLARA"": 7, ""CONDICIÓN"": 2, ""EXPONE"": 5, ""PROPÓSITO"": 1}"	0.4667	17	28	13	17	11	mixed_continuity	False	"[""CMW00028"", ""CMW00029"", ""CMW00030""]"
CMW00030	1corintios	30	7:32	7:36	349	360	12	extended_stable_field	extended_stable_field	stable_ratio_threshold	False	stable	EXPONE	"{""stable"": 9, ""transitioning"": 3}"	"{""ACLARA"": 3, ""EXPONE"": 9, ""PROPÓSITO"": 2}"	0.6429	33	12	21	6	-21	extended_stable_field	False	"[""CMW00029"", ""CMW00030"", ""CMW00031""]"
CMW00031	1corintios	31	7:36	7:38	361	372	12	extended_stable_field	extended_stable_field	stable_ratio_threshold	False	stable	EXPONE	"{""recovering"": 2, ""stable"": 10}"	"{""ACLARA"": 2, ""CONDICIÓN"": 2, ""EXPONE"": 10, ""RESULTADO"": 1}"	0.6667	30	5	22	2	-25	extended_stable_field	False	"[""CMW00030"", ""CMW00031"", ""CMW00032""]"
CMW00032	1corintios	32	7:39	8:1	373	384	12	extended_stable_field	extended_stable_field	stable_ratio_threshold	False	stable	EXPONE	"{""recovering"": 1, ""stable"": 9, ""transitioning"": 1, ""unstable"": 1}"	"{""ACLARA"": 3, ""CONDICIÓN"": 2, ""EXPONE"": 9, ""RAZÓN"": 1}"	0.6	29	12	21	7	-17	extended_stable_field	False	"[""CMW00031"", ""CMW00032"", ""CMW00033""]"
CMW00033	1corintios	33	8:2	8:8	385	396	12	extended_stable_field	mixed_continuity	default_mixed	True	stable	EXPONE	"{""recovering"": 1, ""stable"": 8, ""transitioning"": 3}"	"{""ACLARA"": 5, ""CONDICIÓN"": 2, ""EXPONE"": 8}"	0.5333	30	14	21	7	-16	mixed_continuity	False	"[""CMW00032"", ""CMW00033"", ""CMW00034""]"
CMW00034	1corintios	34	8:8	8:13	397	408	12	movement_accumulation	mixed_continuity	default_mixed	True	stable	EXPONE	"{""stable"": 7, ""transitioning"": 4, ""unstable"": 1}"	"{""ACLARA"": 5, ""CONDICIÓN"": 4, ""EXPONE"": 7}"	0.4375	29	22	22	12	-7	mixed_continuity	False	"[""CMW00033"", ""CMW00034"", ""CMW00035""]"
CMW00035	1corintios	35	8:13	9:6	409	420	12	mixed_continuity	mixed_continuity	default_mixed	False	stable	EXPONE	"{""stable"": 7, ""transitioning"": 2, ""unstable"": 3}"	"{""ACLARA"": 5, ""CONDICIÓN"": 1, ""EXPONE"": 7, ""PROPÓSITO"": 1}"	0.5	25	26	17	16	1	mixed_continuity	False	"[""CMW00034"", ""CMW00035"", ""CMW00036""]"
CMW00036	1corintios	36	9:7	9:10	421	432	12	mixed_continuity	mixed_continuity	default_mixed	False	stable	EXPONE	"{""stable"": 7, ""transitioning"": 3, ""unstable"": 2}"	"{""ACLARA"": 5, ""EXPONE"": 7}"	0.5833	27	24	17	14	-3	mixed_continuity	False	"[""CMW00035"", ""CMW00036"", ""CMW00037""]"
CMW00037	1corintios	37	9:10	9:15	433	444	12	mixed_continuity	mixed_continuity	default_mixed	False	stable	ACLARA	"{""recovering"": 1, ""stable"": 5, ""transitioning"": 3, ""unstable"": 3}"	"{""ACLARA"": 8, ""CONDICIÓN"": 3, ""EXPONE"": 5, ""PROPÓSITO"": 1, ""RAZÓN"": 2}"	0.4211	21	32	16	19	11	mixed_continuity	False	"[""CMW00036"", ""CMW00037"", ""CMW00038""]"
CMW00038	1corintios	38	9:15	9:18	445	456	12	movement_accumulation	mixed_continuity	default_mixed	True	stable	EXPONE	"{""stable"": 7, ""transitioning"": 4, ""unstable"": 1}"	"{""ACLARA"": 5, ""CONDICIÓN"": 4, ""EXPONE"": 7, ""PROPÓSITO"": 1}"	0.4118	29	22	22	12	-7	mixed_continuity	False	"[""CMW00037"", ""CMW00038"", ""CMW00039""]"
CMW00039	1corintios	39	9:18	9:23	457	468	12	extended_stable_field	extended_stable_field	stable_ratio_threshold	False	stable	EXPONE	"{""stable"": 11, ""transitioning"": 1}"	"{""ACLARA"": 4, ""EXPONE"": 11, ""PROPÓSITO"": 7}"	0.5	35	4	23	2	-31	mixed_continuity	True	"[""CMW00038"", ""CMW00039"", ""CMW00040""]"
CMW00040	1corintios	40	9:23	9:27	469	480	12	transition_cluster	mixed_continuity	default_mixed	True	stable	ACLARA	"{""recovering"": 2, ""stable"": 5, ""transitioning"": 1, ""unstable"": 4}"	"{""ACLARA"": 8, ""EXPONE"": 5, ""PROPÓSITO"": 3, ""RAZÓN"": 1}"	0.4706	17	32	11	20	15	extended_stable_field	True	"[""CMW00039"", ""CMW00040"", ""CMW00041""]"
CMW00041	1corintios	41	9:27	10:6	481	492	12	extended_stable_field	extended_stable_field	stable_ratio_threshold	False	stable	EXPONE	"{""recovering"": 2, ""stable"": 9, ""transitioning"": 1}"	"{""ACLARA"": 4, ""EXPONE"": 9, ""RAZÓN"": 1}"	0.6429	29	8	19	4	-21	mixed_continuity	True	"[""CMW00040"", ""CMW00041"", ""CMW00042""]"
CMW00042	1corintios	42	10:6	10:10	493	504	12	transition_cluster	transition_cluster	unstable_ratio_pressure	False	unstable	ACLARA	"{""recovering"": 1, ""stable"": 4, ""unstable"": 7}"	"{""ACLARA"": 11, ""EXPONE"": 4}"	0.7333	12	44	8	29	32	extended_stable_field	True	"[""CMW00041"", ""CMW00042"", ""CMW00043""]"
CMW00043	1corintios	43	10:10	10:14	505	516	12	mixed_continuity	mixed_continuity	default_mixed	False	stable	EXPONE	"{""recovering"": 1, ""stable"": 7, ""transitioning"": 1, ""unstable"": 3}"	"{""ACLARA"": 5, ""CONDICIÓN"": 1, ""EXPONE"": 7, ""RESULTADO"": 1}"	0.5	23	25	16	15	2	transition_cluster	True	"[""CMW00042"", ""CMW00043"", ""CMW00044""]"
CMW00044	1corintios	44	10:15	10:19	517	528	12	transition_cluster	transition_cluster	unstable_ratio_pressure	False	unstable	ACLARA	"{""recovering"": 1, ""stable"": 1, ""unstable"": 10}"	"{""ACLARA"": 12, ""EXPONE"": 1, ""RAZÓN"": 1}"	0.8571	3	62	2	41	59	mixed_continuity	True	"[""CMW00043"", ""CMW00044"", ""CMW00045""]"
CMW00045	1corintios	45	10:19	10:23	529	540	12	movement_accumulation	mixed_continuity	default_mixed	True	stable	ACLARA	"{""recovering"": 1, ""stable"": 6, ""transitioning"": 4, ""unstable"": 1}"	"{""ACLARA"": 8, ""EXPONE"": 6, ""RAZÓN"": 3}"	0.4706	26	24	16	13	-2	mixed_continuity	False	"[""CMW00044"", ""CMW00045"", ""CMW00046""]"
CMW00046	1corintios	46	10:23	10:30	541	552	12	transition_cluster	mixed_continuity	default_mixed	True	unstable	ACLARA	"{""stable"": 4, ""transitioning"": 3, ""unstable"": 5}"	"{""ACLARA"": 8, ""CONDICIÓN"": 2, ""EXPONE"": 4}"	0.5714	18	42	13	26	24	mixed_continuity	False	"[""CMW00045"", ""CMW00046"", ""CMW00047""]"
CMW00047	1corintios	47	10:30	11:2	553	564	12	transition_cluster	mixed_continuity	default_mixed	True	stable	EXPONE	"{""stable"": 6, ""transitioning"": 1, ""unstable"": 5}"	"{""ACLARA"": 6, ""CONDICIÓN"": 1, ""EXPONE"": 6, ""PROPÓSITO"": 1}"	0.4286	20	34	14	22	14	mixed_continuity	False	"[""CMW00046"", ""CMW00047"", ""CMW00048""]"
CMW00048	1corintios	48	11:2	11:7	565	576	12	extended_stable_field	mixed_continuity	default_mixed	True	stable	EXPONE	"{""stable"": 8, ""transitioning"": 2, ""unstable"": 2}"	"{""ACLARA"": 5, ""CONDICIÓN"": 2, ""EXPONE"": 8, ""RAZÓN"": 2}"	0.4706	28	20	20	12	-8	mixed_continuity	False	"[""CMW00047"", ""CMW00048"", ""CMW00049""]"
CMW00049	1corintios	49	11:8	11:16	577	588	12	extended_stable_field	extended_stable_field	stable_ratio_threshold	False	stable	EXPONE	"{""stable"": 10, ""transitioning"": 2}"	"{""ACLARA"": 4, ""CONDICIÓN"": 2, ""EXPONE"": 10, ""RAZÓN"": 2}"	0.5556	34	8	24	4	-26	mixed_continuity	True	"[""CMW00048"", ""CMW00049"", ""CMW00050""]"
CMW00050	1corintios	50	11:16	11:22	589	600	12	transition_cluster	mixed_continuity	default_mixed	True	unstable	ACLARA	"{""recovering"": 3, ""stable"": 4, ""transitioning"": 1, ""unstable"": 4}"	"{""ACLARA"": 8, ""CONDICIÓN"": 1, ""EXPONE"": 4, ""PROPÓSITO"": 1, ""RAZÓN"": 1}"	0.5333	14	34	10	21	20	extended_stable_field	True	"[""CMW00049"", ""CMW00050"", ""CMW00051""]"
CMW00051	1corintios	51	11:22	11:24	601	612	12	extended_stable_field	extended_stable_field	stable_ratio_threshold	False	stable	EXPONE	"{""stable"": 10, ""transitioning"": 2}"	"{""ACLARA"": 3, ""EXPONE"": 10, ""RAZÓN"": 1}"	0.7143	34	8	22	4	-26	mixed_continuity	True	"[""CMW00050"", ""CMW00051"", ""CMW00052""]"
CMW00052	1corintios	52	11:24	11:28	613	624	12	extended_stable_field	mixed_continuity	default_mixed	True	stable	EXPONE	"{""stable"": 8, ""transitioning"": 3, ""unstable"": 1}"	"{""ACLARA"": 4, ""CONDICIÓN"": 2, ""EXPONE"": 8, ""RESULTADO"": 1}"	0.5333	30	19	21	10	-11	mixed_continuity	False	"[""CMW00051"", ""CMW00052"", ""CMW00053""]"
CMW00053	1corintios	53	11:28	11:34	625	636	12	extended_stable_field	mixed_continuity	default_mixed	True	stable	EXPONE	"{""recovering"": 1, ""stable"": 8, ""transitioning"": 1, ""unstable"": 2}"	"{""ACLARA"": 4, ""CONDICIÓN"": 2, ""EXPONE"": 8, ""PROPÓSITO"": 1, ""RESULTADO"": 1}"	0.5	26	19	19	11	-7	mixed_continuity	False	"[""CMW00052"", ""CMW00053"", ""CMW00054""]"
CMW00054	1corintios	54	11:34	12:5	637	648	12	movement_accumulation	mixed_continuity	default_mixed	True	stable	ACLARA	"{""recovering"": 1, ""stable"": 6, ""transitioning"": 4, ""unstable"": 1}"	"{""ACLARA"": 9, ""EXPONE"": 6, ""PROPÓSITO"": 1, ""RAZÓN"": 2}"	0.5	26	24	16	13	-2	mixed_continuity	False	"[""CMW00053"", ""CMW00054"", ""CMW00055""]"
CMW00055	1corintios	55	12:6	12:15	649	660	12	extended_stable_field	extended_stable_field	stable_ratio_threshold	False	stable	EXPONE	"{""recovering"": 1, ""stable"": 9, ""transitioning"": 2}"	"{""ACLARA"": 4, ""EXPONE"": 9}"	0.6923	31	10	20	5	-21	mixed_continuity	True	"[""CMW00054"", ""CMW00055"", ""CMW00056""]"
CMW00056	1corintios	56	12:15	12:21	661	672	12	movement_accumulation	mixed_continuity	default_mixed	True	stable	ACLARA	"{""stable"": 7, ""transitioning"": 4, ""unstable"": 1}"	"{""ACLARA"": 8, ""CONDICIÓN"": 3, ""EXPONE"": 7, ""RAZÓN"": 2}"	0.4	29	22	21	12	-7	mixed_continuity	False	"[""CMW00055"", ""CMW00056"", ""CMW00057""]"
CMW00057	1corintios	57	12:21	12:26	673	684	12	mixed_continuity	mixed_continuity	default_mixed	False	stable	EXPONE	"{""recovering"": 2, ""stable"": 7, ""transitioning"": 2, ""unstable"": 1}"	"{""ACLARA"": 5, ""EXPONE"": 7, ""PROPÓSITO"": 1}"	0.5385	25	18	16	10	-7	mixed_continuity	False	"[""CMW00056"", ""CMW00057"", ""CMW00058""]"
CMW00058	1corintios	58	12:26	13:2	685	696	12	mixed_continuity	mixed_continuity	default_mixed	False	stable	EXPONE	"{""recovering"": 1, ""stable"": 7, ""transitioning"": 3, ""unstable"": 1}"	"{""ACLARA"": 5, ""CONDICIÓN"": 1, ""EXPONE"": 7}"	0.5385	27	20	18	11	-7	mixed_continuity	False	"[""CMW00057"", ""CMW00058"", ""CMW00059""]"
CMW00059	1corintios	59	13:2	13:5	697	708	12	extended_stable_field	extended_stable_field	stable_ratio_threshold	False	stable	EXPONE	"{""stable"": 11, ""transitioning"": 1}"	"{""ACLARA"": 1, ""CONDICIÓN"": 1, ""EXPONE"": 11, ""RESULTADO"": 1}"	0.7857	35	5	24	2	-30	extended_stable_field	False	"[""CMW00058"", ""CMW00059"", ""CMW00060""]"
CMW00060	1corintios	60	13:5	13:9	709	720	12	extended_stable_field	extended_stable_field	stable_ratio_threshold	False	stable	EXPONE	"{""recovering"": 2, ""stable"": 9, ""transitioning"": 1}"	"{""ACLARA"": 3, ""EXPONE"": 9}"	0.75	29	8	19	4	-21	extended_stable_field	False	"[""CMW00059"", ""CMW00060"", ""CMW00061""]"
CMW00061	1corintios	61	13:9	13:12	721	732	12	extended_stable_field	mixed_continuity	default_mixed	True	stable	EXPONE	"{""recovering"": 2, ""stable"": 8, ""transitioning"": 2}"	"{""ACLARA"": 7, ""EXPONE"": 8}"	0.5333	28	12	18	6	-16	mixed_continuity	False	"[""CMW00060"", ""CMW00061"", ""CMW00062""]"
CMW00062	1corintios	62	13:12	14:5	733	744	12	extended_stable_field	mixed_continuity	default_mixed	True	stable	EXPONE	"{""stable"": 8, ""transitioning"": 3, ""unstable"": 1}"	"{""ACLARA"": 4, ""EXPONE"": 8, ""PROPÓSITO"": 1}"	0.6154	30	18	19	10	-12	mixed_continuity	False	"[""CMW00061"", ""CMW00062"", ""CMW00063""]"
CMW00063	1corintios	63	14:5	14:9	745	756	12	mixed_continuity	mixed_continuity	default_mixed	False	stable	ACLARA	"{""stable"": 6, ""transitioning"": 3, ""unstable"": 3}"	"{""ACLARA"": 6, ""CONDICIÓN"": 6, ""EXPONE"": 6, ""PROPÓSITO"": 2}"	0.3	24	30	21	18	6	mixed_continuity	False	"[""CMW00062"", ""CMW00063"", ""CMW00064""]"
CMW00064	1corintios	64	14:9	14:14	757	768	12	movement_accumulation	mixed_continuity	default_mixed	True	transitioning	ACLARA	"{""recovering"": 1, ""stable"": 4, ""transitioning"": 4, ""unstable"": 3}"	"{""ACLARA"": 8, ""CONDICIÓN"": 3, ""EXPONE"": 4, ""PROPÓSITO"": 2}"	0.4706	20	36	15	21	16	mixed_continuity	False	"[""CMW00063"", ""CMW00064"", ""CMW00065""]"
CMW00065	1corintios	65	14:14	14:17	769	780	12	transition_cluster	mixed_continuity	default_mixed	True	stable	ACLARA	"{""stable"": 5, ""transitioning"": 2, ""unstable"": 5}"	"{""ACLARA"": 7, ""CONDICIÓN"": 1, ""EXPONE"": 5}"	0.5385	19	38	13	24	19	mixed_continuity	False	"[""CMW00064"", ""CMW00065"", ""CMW00066""]"
CMW00066	1corintios	66	14:18	14:22	781	792	12	mixed_continuity	mixed_continuity	default_mixed	False	stable	ACLARA	"{""recovering"": 1, ""stable"": 5, ""transitioning"": 3, ""unstable"": 3}"	"{""ACLARA"": 7, ""EXPONE"": 5, ""PROPÓSITO"": 1, ""RAZÓN"": 1, ""RESULTADO"": 1}"	0.4667	19	31	12	18	12	mixed_continuity	False	"[""CMW00065"", ""CMW00066"", ""CMW00067""]"
CMW00067	1corintios	67	14:23	14:25	793	804	12	mixed_continuity	mixed_continuity	default_mixed	False	stable	EXPONE	"{""recovering"": 3, ""stable"": 7, ""transitioning"": 1, ""unstable"": 1}"	"{""ACLARA"": 5, ""CONDICIÓN"": 2, ""EXPONE"": 7, ""RAZÓN"": 1}"	0.4667	23	16	17	9	-7	mixed_continuity	False	"[""CMW00066"", ""CMW00067"", ""CMW00068""]"
CMW00068	1corintios	68	14:26	14:28	805	816	12	extended_stable_field	extended_stable_field	stable_ratio_threshold	False	stable	EXPONE	"{""stable"": 10, ""transitioning"": 2}"	"{""ACLARA"": 3, ""CONDICIÓN"": 1, ""EXPONE"": 10, ""RAZÓN"": 1}"	0.6667	34	8	23	4	-26	mixed_continuity	True	"[""CMW00067"", ""CMW00068"", ""CMW00069""]"
CMW00069	1corintios	69	14:28	14:34	817	828	12	recovery_field	recovery_field	recovery_ratio_threshold	False	stable	ACLARA	"{""recovering"": 5, ""stable"": 5, ""transitioning"": 1, ""unstable"": 1}"	"{""ACLARA"": 7, ""CONDICIÓN"": 1, ""EXPONE"": 5, ""PROPÓSITO"": 1}"	0.5	17	20	12	11	3	extended_stable_field	True	"[""CMW00068"", ""CMW00069"", ""CMW00070""]"
CMW00070	1corintios	70	14:34	14:38	829	840	12	recovery_field	mixed_continuity	default_mixed	True	stable	ACLARA	"{""recovering"": 4, ""stable"": 6, ""transitioning"": 2}"	"{""ACLARA"": 7, ""CONDICIÓN"": 2, ""EXPONE"": 6, ""RAZÓN"": 1}"	0.4375	22	16	16	8	-6	mixed_continuity	False	"[""CMW00069"", ""CMW00070"", ""CMW00071""]"
CMW00071	1corintios	71	14:38	15:2	841	852	12	mixed_continuity	mixed_continuity	default_mixed	False	stable	EXPONE	"{""stable"": 6, ""transitioning"": 3, ""unstable"": 3}"	"{""ACLARA"": 6, ""CONDICIÓN"": 2, ""EXPONE"": 6, ""RESULTADO"": 1}"	0.4	24	31	17	18	7	mixed_continuity	False	"[""CMW00070"", ""CMW00071"", ""CMW00072""]"
CMW00072	1corintios	72	15:3	15:9	853	864	12	mixed_continuity	mixed_continuity	default_mixed	False	stable	ACLARA	"{""recovering"": 2, ""stable"": 7, ""transitioning"": 3}"	"{""ACLARA"": 9, ""CONDICIÓN"": 1, ""EXPONE"": 7, ""RAZÓN"": 4}"	0.4286	27	16	18	8	-11	mixed_continuity	False	"[""CMW00071"", ""CMW00072"", ""CMW00073""]"
CMW00073	1corintios	73	15:9	15:12	865	876	12	transition_cluster	mixed_continuity	default_mixed	True	stable	ACLARA	"{""recovering"": 3, ""stable"": 5, ""unstable"": 4}"	"{""ACLARA"": 7, ""CONDICIÓN"": 1, ""EXPONE"": 5, ""RAZÓN"": 1}"	0.5	15	30	11	19	15	mixed_continuity	False	"[""CMW00072"", ""CMW00073"", ""CMW00074""]"
CMW00074	1corintios	74	15:13	15:17	877	888	12	mixed_continuity	mixed_continuity	default_mixed	False	stable	ACLARA	"{""recovering"": 2, ""stable"": 7, ""transitioning"": 2, ""unstable"": 1}"	"{""ACLARA"": 7, ""CONDICIÓN"": 4, ""EXPONE"": 7, ""RAZÓN"": 3}"	0.3333	25	18	20	10	-7	mixed_continuity	False	"[""CMW00073"", ""CMW00074"", ""CMW00075""]"
CMW00075	1corintios	75	15:18	15:27	889	900	12	mixed_continuity	mixed_continuity	default_mixed	False	stable	EXPONE	"{""recovering"": 2, ""stable"": 7, ""unstable"": 3}"	"{""ACLARA"": 5, ""CONDICIÓN"": 1, ""EXPONE"": 7}"	0.5385	21	22	15	14	1	mixed_continuity	False	"[""CMW00074"", ""CMW00075"", ""CMW00076""]"
CMW00076	1corintios	76	15:27	15:32	901	912	12	extended_stable_field	extended_stable_field	stable_ratio_threshold	False	stable	EXPONE	"{""recovering"": 2, ""stable"": 9, ""transitioning"": 1}"	"{""ACLARA"": 4, ""CONDICIÓN"": 1, ""EXPONE"": 9, ""PROPÓSITO"": 1, ""RAZÓN"": 1}"	0.5625	29	8	20	4	-21	mixed_continuity	True	"[""CMW00075"", ""CMW00076"", ""CMW00077""]"
CMW00077	1corintios	77	15:32	15:35	913	924	12	transition_cluster	transition_cluster	unstable_ratio_pressure	False	unstable	ACLARA	"{""recovering"": 1, ""stable"": 3, ""transitioning"": 2, ""unstable"": 6}"	"{""ACLARA"": 9, ""CONDICIÓN"": 2, ""EXPONE"": 3}"	0.6429	13	46	10	29	33	extended_stable_field	True	"[""CMW00076"", ""CMW00077"", ""CMW00078""]"
CMW00078	1corintios	78	15:35	15:42	925	936	12	extended_stable_field	mixed_continuity	default_mixed	True	stable	EXPONE	"{""stable"": 8, ""transitioning"": 3, ""unstable"": 1}"	"{""ACLARA"": 5, ""CONDICIÓN"": 2, ""EXPONE"": 8}"	0.5333	30	18	21	10	-12	transition_cluster	True	"[""CMW00077"", ""CMW00078"", ""CMW00079""]"
CMW00079	1corintios	79	15:43	15:49	937	948	12	extended_stable_field	extended_stable_field	stable_ratio_threshold	False	stable	EXPONE	"{""stable"": 11, ""unstable"": 1}"	"{""ACLARA"": 2, ""CONDICIÓN"": 1, ""EXPONE"": 11}"	0.7857	33	6	23	4	-27	mixed_continuity	True	"[""CMW00078"", ""CMW00079"", ""CMW00080""]"
CMW00080	1corintios	80	15:50	15:54	949	960	12	mixed_continuity	mixed_continuity	default_mixed	False	stable	ACLARA	"{""recovering"": 3, ""stable"": 4, ""transitioning"": 2, ""unstable"": 3}"	"{""ACLARA"": 9, ""EXPONE"": 4, ""RAZÓN"": 1}"	0.6429	16	32	10	19	16	extended_stable_field	True	"[""CMW00079"", ""CMW00080"", ""CMW00081""]"
CMW00081	1corintios	81	15:54	16:3	961	972	12	transition_cluster	transition_cluster	unstable_ratio_pressure	False	unstable	ACLARA	"{""stable"": 3, ""unstable"": 9}"	"{""ACLARA"": 9, ""CONDICIÓN"": 1, ""EXPONE"": 3, ""PROPÓSITO"": 1, ""RAZÓN"": 1, ""RESULTADO"": 1}"	0.5625	9	55	7	36	46	mixed_continuity	True	"[""CMW00080"", ""CMW00081"", ""CMW00082""]"
CMW00082	1corintios	82	16:3	16:7	973	984	12	mixed_continuity	mixed_continuity	default_mixed	False	stable	ACLARA	"{""recovering"": 1, ""stable"": 6, ""transitioning"": 3, ""unstable"": 2}"	"{""ACLARA"": 6, ""CONDICIÓN"": 3, ""EXPONE"": 6, ""PROPÓSITO"": 1}"	0.375	24	26	18	15	2	mixed_continuity	False	"[""CMW00081"", ""CMW00082"", ""CMW00083""]"
CMW00083	1corintios	83	16:7	16:12	985	996	12	transition_cluster	mixed_continuity	default_mixed	True	unstable	ACLARA	"{""stable"": 4, ""transitioning"": 3, ""unstable"": 5}"	"{""ACLARA"": 8, ""CONDICIÓN"": 2, ""EXPONE"": 4, ""PROPÓSITO"": 2}"	0.5	18	42	13	26	24	mixed_continuity	False	"[""CMW00082"", ""CMW00083"", ""CMW00084""]"
CMW00084	1corintios	84	16:12	16:17	997	1008	12	transition_cluster	mixed_continuity	default_mixed	True	stable	ACLARA	"{""recovering"": 1, ""stable"": 5, ""transitioning"": 1, ""unstable"": 5}"	"{""ACLARA"": 7, ""EXPONE"": 5, ""PROPÓSITO"": 3, ""RAZÓN"": 1}"	0.4375	17	36	11	23	19	mixed_continuity	False	"[""CMW00083"", ""CMW00084"", ""CMW00085""]"
CMW00085	1corintios	85	16:17	16:22	1009	1018	10	transition_cluster	mixed_continuity	default_mixed	True	unstable	ACLARA	"{""recovering"": 2, ""stable"": 2, ""transitioning"": 2, ""unstable"": 4}"	"{""ACLARA"": 9, ""CONDICIÓN"": 1, ""EXPONE"": 2, ""RAZÓN"": 1}"	0.6923	6	36	5	22	30	mixed_continuity	False	"[""CMW00084"", ""CMW00085""]"
